sid,model,cell_type,domain,pearson,direction_match_k,edistance_pca_log,rmse_lfc,nb_deviance
crc_120,cellina112_0,Endothelial,CRC,0.9708807052644957,0.36,6.6484728639787445,0.6936009038722957,0.014607261040445199
crc_120,cellina112_0,Epithelial,CRC,0.9726732525132192,0.48,8.440248926676805,1.5742679071827799,0.0739080818425036
crc_120,cellina112_0,Fibroblast,CRC,0.9320297582207835,0.34,6.451964513764577,0.6979551275627268,0.006922641992597903
crc_120,cellina112_0,Myeloid,CRC,0.9263419405599439,0.42,6.084241632158662,0.4038307055312984,0.007310696500208422
crc_120,cellina112_0,T_cell,CRC,0.973759059734733,0.62,6.396370978797958,0.24976893518780546,0.006146439040918659
crc_210,cellina112_0,Endothelial,CRC,0.9945903333316065,0.66,8.094585813958696,0.9307571163929359,0.01636705872100662
crc_210,cellina112_0,Epithelial,CRC,0.9227060309759826,0.7,7.130211540550478,1.7747792052525646,0.08641664993517378
crc_210,cellina112_0,Fibroblast,CRC,0.956293141976299,0.42,7.812764987863476,1.0941702901400914,0.032428977788083325
crc_210,cellina112_0,Myeloid,CRC,0.7996784094540165,0.18,10.751502650511622,1.6750383589862052,0.009685442590125576
crc_210,cellina112_0,T_cell,CRC,0.971854398520307,0.48,7.966906553326433,0.6816965194641414,0.009515644612010793
crc_221,cellina112_0,Endothelial,CRC,0.675016136777412,0.84,9.258236046933435,0.430534892260507,0.04671876847202296
crc_221,cellina112_0,Epithelial,CRC,0.9311956117031736,0.28,7.593996750225552,2.211684578569736,0.1599171747532869
crc_221,cellina112_0,Fibroblast,CRC,0.8621942283905105,0.26,6.2032502676777606,1.5276076830316117,0.0838160821292735
crc_221,cellina112_0,Myeloid,CRC,0.7368822053552588,0.84,7.442952667583896,0.36412415610910454,0.05078857295884167
crc_221,cellina112_0,T_cell,CRC,0.9693939309673838,0.58,10.224993253617262,0.5424435779359952,0.011288251211586721
crc_231,cellina112_0,Endothelial,CRC,0.9588339454797251,0.52,9.964999526723187,1.2825262391552412,0.0013872069107710443
crc_231,cellina112_0,Epithelial,CRC,0.8340241687542086,0.5,6.507451431387116,1.836619782535027,0.015549616828830696
crc_231,cellina112_0,Fibroblast,CRC,0.31462760859787386,0.14,7.7874154444789525,1.0824783789712134,0.001267154817546134
crc_231,cellina112_0,Myeloid,CRC,0.7830462715163028,0.2,6.9294152263608,1.1501951839249047,0.002061408269533452
crc_231,cellina112_0,T_cell,CRC,0.7584949735330229,0.28,6.5779751482819915,0.9708196482156047,0.0008677813511001948
crc_232,cellina112_0,Endothelial,CRC,0.9288558840975552,0.4,10.317743992396455,0.6489479374028037,0.0038516785771648275
crc_232,cellina112_0,Epithelial,CRC,0.6702453884970826,0.1,8.681551916448157,2.251975879793838,0.032453082899822974
crc_232,cellina112_0,Fibroblast,CRC,0.8761401701467062,0.2,7.75177583115138,1.537910066043518,0.027446305479227988
crc_232,cellina112_0,Myeloid,CRC,0.9342159212143774,0.5,10.185027663805206,0.7927510309879234,0.0149727543436598
crc_232,cellina112_0,T_cell,CRC,0.9647261372637541,0.32,8.666684904173866,0.8650953033919964,0.001321142090743915
crc_242,cellina112_0,Endothelial,CRC,0.874993087428526,0.26,6.8909419818622535,1.497113876519155,0.03078962822678777
crc_242,cellina112_0,Epithelial,CRC,0.7638834782454943,0.24,10.749650750079772,3.3080444498750974,0.04330700732950372
crc_242,cellina112_0,Fibroblast,CRC,0.8819949461933402,0.4,7.693654041470697,1.2909409070172633,0.04504618759176861
crc_242,cellina112_0,Myeloid,CRC,0.9203603424694984,0.54,6.60337880421091,1.0388294077070013,0.02055179796159888
crc_242,cellina112_0,T_cell,CRC,0.9196647496860734,0.5,6.530834068267737,0.5967433048316276,0.0029897850598906714
