fraction,seed,k,holdout_ct,data,control_domain,target_domain,library_key,within_domain,pearson,pearson_shift,l2_norm,mean_abs,n_genes_total,n_deg,n_pert_genes,n_control,n_target,checkpoint,runtime_sec,cuda_visible_devices,n_genes_gt_0.25,n_genes_gt_0.5,n_genes_gt_1.0,spearman,precision,direction_match,direction_match_k,direction_match_gt,mse_lfc,n_genes_control_eq_0,n_deg_control_eq_0,pearson_pos,spearman_pos,precision_pos,direction_match_pos,direction_match_k_pos,direction_match_gt_pos,mse_lfc_pos,rmse,mixing_index,mixing_index_max_cells,edistance_global,edistance_local,edistance_global_deg,edistance_local_deg,n_draws,cell_type
0.1,0,200,Endothelial,/data/ddimitrov/repos/cellina-reproducibility/data/crc_wt_cosmx/crc_232.h5ad,232_REF,232_CRC,typ,True,0.6950279959875485,0.6376802174612649,0.5155553221702576,0.008093279786407948,2000,50,200,1772,4994,epoch=18-step=1728-vae_loss_validation=324.4226989746094,73.3,0,0,0,0,0.6351500600240095,0.28,0.9285714285714286,0.26,0.86,1.2993368432360748,0,0,0.6950279959875485,0.6351500600240095,0.28,0.9285714285714286,0.26,0.86,1.2993368432360748,7441.944154894559,0.7247970702540565,10000,101.65494548945723,110.99201496335203,12.452075289417806,16.932012249930246,8,Endothelial
0.1,1,200,Endothelial,/data/ddimitrov/repos/cellina-reproducibility/data/crc_wt_cosmx/crc_232.h5ad,232_REF,232_CRC,typ,True,0.6633897915599285,0.5881153081841642,0.5375956892967224,0.008385727182030678,2000,50,200,1772,4994,epoch=38-step=3648-vae_loss_validation=323.2554016113281,74.4,1,0,0,0,0.6187274909963985,0.34,1.0,0.34,0.8,1.4084734461807287,0,0,0.6633897915599285,0.6187274909963985,0.34,1.0,0.34,0.8,1.4084734461807287,7041.5752112106875,0.936742601279549,10000,98.36032141402458,106.77341693328222,13.316721441945566,17.386812031692592,8,Endothelial
0.1,2,200,Endothelial,/data/ddimitrov/repos/cellina-reproducibility/data/crc_wt_cosmx/crc_232.h5ad,232_REF,232_CRC,typ,True,0.6712296673600983,0.5789557304084846,0.4711896479129791,0.007195948623120785,2000,50,200,1772,4994,epoch=21-step=2016-vae_loss_validation=325.300048828125,71.6,0,0,0,0,0.624297719087635,0.24,1.0,0.24,0.8,1.383979840769479,0,0,0.6712296673600983,0.624297719087635,0.24,1.0,0.24,0.8,1.383979840769479,7491.90669039254,0.7212655186223469,10000,102.37258646691043,111.6141452253449,12.549244317820126,16.89757810268744,8,Endothelial
0.1,3,200,Endothelial,/data/ddimitrov/repos/cellina-reproducibility/data/crc_wt_cosmx/crc_232.h5ad,232_REF,232_CRC,typ,True,0.5575119389331535,0.5677939161174698,0.610893964767456,0.0097339553758502,2000,50,200,1772,4994,epoch=11-step=1056-vae_loss_validation=325.1748046875,69.9,1,0,0,0,0.4820648259303721,0.3,0.8666666666666667,0.26,0.74,1.8303618919504263,0,0,0.5575119389331535,0.4820648259303721,0.3,0.8666666666666667,0.26,0.74,1.8303618919504263,7571.468440845584,0.7174245663645132,10000,102.98980733773911,112.64989228184706,13.191519490227332,17.845753029591105,8,Endothelial
0.1,4,200,Endothelial,/data/ddimitrov/repos/cellina-reproducibility/data/crc_wt_cosmx/crc_232.h5ad,232_REF,232_CRC,typ,True,0.6819672373536755,0.5908872057242625,0.3807162344455719,0.006126797292381525,2000,50,200,1772,4994,epoch=17-step=1632-vae_loss_validation=324.5826721191406,69.8,0,0,0,0,0.6207442977190877,0.26,1.0,0.26,0.86,1.349204201856467,0,0,0.6819672373536755,0.6207442977190877,0.26,1.0,0.26,0.86,1.349204201856467,7452.696599260309,0.7222667200640769,10000,102.62602849179113,111.61503518859783,12.785321464998791,17.113875700351088,8,Endothelial
0.25,0,200,Endothelial,/data/ddimitrov/repos/cellina-reproducibility/data/crc_wt_cosmx/crc_232.h5ad,232_REF,232_CRC,typ,True,0.7210466525709536,0.6574828832525963,1.5807843208312988,0.025168612599372864,2000,50,200,1772,4994,epoch=18-step=1728-vae_loss_validation=324.4226989746094,71.1,1,0,0,0,0.6454261704681872,0.3,0.9333333333333333,0.28,0.88,1.204776564539405,0,0,0.7210466525709536,0.6454261704681872,0.3,0.9333333333333333,0.28,0.88,1.204776564539405,7426.420132902324,0.7246332167449698,10000,101.45028422359573,110.8015342465033,12.37313644178889,16.733888362991404,8,Endothelial
0.25,1,200,Endothelial,/data/ddimitrov/repos/cellina-reproducibility/data/crc_wt_cosmx/crc_232.h5ad,232_REF,232_CRC,typ,True,0.6938617690128125,0.613617966734511,1.4304182529449463,0.02188115194439888,2000,50,200,1772,4994,epoch=38-step=3648-vae_loss_validation=323.2554016113281,69.9,0,2,0,0,0.638031212484994,0.34,1.0,0.34,0.84,1.3046712896611568,0,0,0.6938617690128125,0.638031212484994,0.34,1.0,0.34,0.84,1.3046712896611568,7063.175675306355,0.7372847416900281,10000,97.7408420092718,106.77555737502523,13.173701365547794,17.19542097007671,8,Endothelial
0.25,2,200,Endothelial,/data/ddimitrov/repos/cellina-reproducibility/data/crc_wt_cosmx/crc_232.h5ad,232_REF,232_CRC,typ,True,0.6865930793608974,0.592986657118227,1.2762805223464966,0.019864588975906372,2000,50,200,1772,4994,epoch=21-step=2016-vae_loss_validation=325.300048828125,70.8,1,0,0,0,0.6311164465786315,0.26,1.0,0.26,0.82,1.3301568174045508,0,0,0.6865930793608974,0.6311164465786315,0.26,1.0,0.26,0.82,1.3301568174045508,7496.6175855157735,0.7218662394873848,10000,101.88371359443148,111.79634872387173,12.545994650134961,16.844992508027193,8,Endothelial
0.25,3,200,Endothelial,/data/ddimitrov/repos/cellina-reproducibility/data/crc_wt_cosmx/crc_232.h5ad,232_REF,232_CRC,typ,True,0.5846793657170036,0.582004608501319,1.6274937391281128,0.025841977447271347,2000,50,200,1772,4994,epoch=11-step=1056-vae_loss_validation=325.1748046875,68.4,0,0,0,0,0.491188475390156,0.3,0.8666666666666667,0.26,0.76,1.7281613460147478,0,0,0.5846793657170036,0.491188475390156,0.3,0.8666666666666667,0.26,0.76,1.7281613460147478,7581.457338146896,0.7142207217509771,10000,103.3056420933506,112.0532829945289,13.163212691197575,17.722075436948085,8,Endothelial
0.25,4,200,Endothelial,/data/ddimitrov/repos/cellina-reproducibility/data/crc_wt_cosmx/crc_232.h5ad,232_REF,232_CRC,typ,True,0.6955321987107399,0.5833222151423978,0.9596381187438965,0.015322205610573292,2000,50,200,1772,4994,epoch=17-step=1632-vae_loss_validation=324.5826721191406,70.9,1,0,0,0,0.636110444177671,0.26,1.0,0.26,0.86,1.2997626830684308,0,0,0.6955321987107399,0.636110444177671,0.26,1.0,0.26,0.86,1.2997626830684308,7444.1476274028355,0.7236684020824989,10000,102.59578589207538,111.4778742749296,12.62385018989212,17.001322588112526,8,Endothelial
0.5,0,200,Endothelial,/data/ddimitrov/repos/cellina-reproducibility/data/crc_wt_cosmx/crc_232.h5ad,232_REF,232_CRC,typ,True,0.767867508355742,0.648241265270794,3.6907620429992676,0.05887672305107117,2000,50,200,1772,4994,epoch=18-step=1728-vae_loss_validation=324.4226989746094,72.0,0,37,2,0,0.7152460984393757,0.3,1.0,0.3,0.88,1.0304950163518374,0,0,0.767867508355742,0.7152460984393757,0.3,1.0,0.3,0.88,1.0304950163518374,7385.150992826488,0.7233590014563752,10000,101.35791832623231,110.42408955774715,12.150273905521626,16.466492859289737,8,Endothelial
0.5,1,200,Endothelial,/data/ddimitrov/repos/cellina-reproducibility/data/crc_wt_cosmx/crc_232.h5ad,232_REF,232_CRC,typ,True,0.757567777229673,0.6212899049762636,3.48186993598938,0.052323151379823685,2000,50,200,1772,4994,epoch=38-step=3648-vae_loss_validation=323.2554016113281,73.7,1,26,3,0,0.6978631452581032,0.34,1.0,0.34,0.84,1.0832403475525123,0,0,0.757567777229673,0.6978631452581032,0.34,1.0,0.34,0.84,1.0832403475525123,7088.573891558318,0.737484981978374,10000,97.86115643294909,106.82281340150783,12.785054997661,17.028626897822846,8,Endothelial
0.5,2,200,Endothelial,/data/ddimitrov/repos/cellina-reproducibility/data/crc_wt_cosmx/crc_232.h5ad,232_REF,232_CRC,typ,True,0.715726061347511,0.5941515470239285,2.946117639541626,0.04593651741743088,2000,50,200,1772,4994,epoch=21-step=2016-vae_loss_validation=325.300048828125,68.8,0,17,1,0,0.6586794717887153,0.28,1.0,0.28,0.88,1.2258988576572198,0,0,0.715726061347511,0.6586794717887153,0.28,1.0,0.28,0.88,1.2258988576572198,7496.488802478588,0.7228674409291149,10000,101.85417582673148,111.25146615740616,12.241052682022886,16.722510447985854,8,Endothelial
0.5,3,200,Endothelial,/data/ddimitrov/repos/cellina-reproducibility/data/crc_wt_cosmx/crc_232.h5ad,232_REF,232_CRC,typ,True,0.6389136007264604,0.578086395537546,3.8239479064941406,0.059973545372486115,2000,50,200,1772,4994,epoch=11-step=1056-vae_loss_validation=325.1748046875,70.7,1,33,2,0,0.539015606242497,0.3,0.9333333333333333,0.28,0.8,1.5276615971499106,0,0,0.6389136007264604,0.539015606242497,0.3,0.9333333333333333,0.28,0.8,1.5276615971499106,7586.475062777281,0.7189901018920222,10000,102.79981851207656,111.77462243401169,12.807168591767061,17.4678963803747,8,Endothelial
0.5,4,200,Endothelial,/data/ddimitrov/repos/cellina-reproducibility/data/crc_wt_cosmx/crc_232.h5ad,232_REF,232_CRC,typ,True,0.7234111173715689,0.593954500765734,2.3430356979370117,0.03736888989806175,2000,50,200,1772,4994,epoch=17-step=1632-vae_loss_validation=324.5826721191406,73.0,0,5,0,0,0.6682833133253302,0.26,1.0,0.26,0.86,1.1973051041049465,0,0,0.7234111173715689,0.6682833133253302,0.26,1.0,0.26,0.86,1.1973051041049465,7420.821269340318,0.723868642370845,10000,102.1832183857555,111.33719174022099,12.61171608091479,16.969620759113802,8,Endothelial
0.75,0,200,Endothelial,/data/ddimitrov/repos/cellina-reproducibility/data/crc_wt_cosmx/crc_232.h5ad,232_REF,232_CRC,typ,True,0.8113436742092864,0.6430163319450591,6.439526081085205,0.10406576842069626,2000,50,200,1772,4994,epoch=18-step=1728-vae_loss_validation=324.4226989746094,72.6,1,128,18,0,0.7479951980792316,0.34,1.0,0.34,0.92,0.8604758686735943,0,0,0.8113436742092864,0.7479951980792316,0.34,1.0,0.34,0.92,0.8604758686735943,7304.680947099346,0.7345360708244927,10000,100.45498007642142,109.24423682023048,12.194041370444088,16.23851563091383,8,Endothelial
0.75,1,200,Endothelial,/data/ddimitrov/repos/cellina-reproducibility/data/crc_wt_cosmx/crc_232.h5ad,232_REF,232_CRC,typ,True,0.8277377286160006,0.6222551704394198,6.299752712249756,0.09396855533123016,2000,50,200,1772,4994,epoch=38-step=3648-vae_loss_validation=323.2554016113281,72.4,0,117,24,3,0.7549099639855942,0.36,1.0,0.36,0.92,0.8222820233034426,0,0,0.8277377286160006,0.7549099639855942,0.36,1.0,0.36,0.92,0.8222820233034426,7065.058608498019,0.932319008543887,10000,97.81629063829772,105.84560049492454,12.449253697527428,16.58411739360028,8,Endothelial
0.75,2,200,Endothelial,/data/ddimitrov/repos/cellina-reproducibility/data/crc_wt_cosmx/crc_232.h5ad,232_REF,232_CRC,typ,True,0.749351914594057,0.591303735656752,5.171630382537842,0.08053011447191238,2000,50,200,1772,4994,epoch=21-step=2016-vae_loss_validation=325.300048828125,72.2,1,65,13,1,0.6801920768307322,0.3,1.0,0.3,0.88,1.1019855319619702,0,0,0.749351914594057,0.6801920768307322,0.3,1.0,0.3,0.88,1.1019855319619702,7476.2544788960795,0.7238322555915857,10000,101.41030165236083,111.18445792682216,12.120062011233053,16.577383483227493,8,Endothelial
0.75,3,200,Endothelial,/data/ddimitrov/repos/cellina-reproducibility/data/crc_wt_cosmx/crc_232.h5ad,232_REF,232_CRC,typ,True,0.7047491160415342,0.5768366766195744,7.0297441482543945,0.10874687880277634,2000,50,200,1772,4994,epoch=11-step=1056-vae_loss_validation=325.1748046875,73.2,0,164,31,1,0.6216086434573829,0.28,1.0,0.28,0.84,1.2841200244651991,0,0,0.7047491160415342,0.6216086434573829,0.28,1.0,0.28,0.84,1.2841200244651991,7554.900000378156,0.723522854965462,10000,101.84197383407947,110.29684815318959,12.544216709660976,17.19182417154148,8,Endothelial
0.75,4,200,Endothelial,/data/ddimitrov/repos/cellina-reproducibility/data/crc_wt_cosmx/crc_232.h5ad,232_REF,232_CRC,typ,True,0.7555172809178234,0.5828555508858432,4.209372520446777,0.06733077764511108,2000,50,200,1772,4994,epoch=17-step=1632-vae_loss_validation=324.5826721191406,72.2,1,46,4,0,0.7026650660264105,0.32,1.0,0.32,0.86,1.0769175387717325,0,0,0.7555172809178234,0.7026650660264105,0.32,1.0,0.32,0.86,1.0769175387717325,7384.3771018704765,0.7254341778983538,10000,101.90953534984797,110.6238436032052,12.38696594242187,16.87921761580725,8,Endothelial
1.0,0,200,Endothelial,/data/ddimitrov/repos/cellina-reproducibility/data/crc_wt_cosmx/crc_232.h5ad,232_REF,232_CRC,typ,True,0.8378179406760109,0.6343526512002781,8.763416290283203,0.14310067892074585,2000,50,200,1772,4994,epoch=18-step=1728-vae_loss_validation=324.4226989746094,70.8,0,287,50,4,0.7672989195678271,0.4,1.0,0.4,0.92,0.7510173183491142,0,0,0.8378179406760109,0.7672989195678271,0.4,1.0,0.4,0.92,0.7510173183491142,7215.5963020958725,0.9279864957587931,10000,99.70388345148795,108.20241218138635,12.149520818750533,16.190811938494875,8,Endothelial
1.0,1,200,Endothelial,/data/ddimitrov/repos/cellina-reproducibility/data/crc_wt_cosmx/crc_232.h5ad,232_REF,232_CRC,typ,True,0.8726399289617999,0.6133519063091782,9.070387840270996,0.1354796290397644,2000,50,200,1772,4994,epoch=38-step=3648-vae_loss_validation=323.2554016113281,71.6,1,255,57,6,0.7800720288115246,0.36,1.0,0.36,0.94,0.6330385978023293,0,0,0.8726399289617999,0.7800720288115246,0.36,1.0,0.36,0.94,0.6330385978023293,6994.355886200197,0.9304621527774639,10000,96.7786587831572,105.69545015355796,12.476372908906594,16.275065604589816,8,Endothelial
1.0,2,200,Endothelial,/data/ddimitrov/repos/cellina-reproducibility/data/crc_wt_cosmx/crc_232.h5ad,232_REF,232_CRC,typ,True,0.7770588947187849,0.5858636523728836,7.533414840698242,0.11728675663471222,2000,50,200,1772,4994,epoch=21-step=2016-vae_loss_validation=325.300048828125,72.4,0,168,33,4,0.7187034813925569,0.3,1.0,0.3,0.86,0.997702643719942,0,0,0.7770588947187849,0.7187034813925569,0.3,1.0,0.3,0.86,0.997702643719942,7428.227032602817,0.7265992328491707,10000,101.25115845313378,110.47607156452177,12.07928272183618,16.667519786239616,8,Endothelial
1.0,3,200,Endothelial,/data/ddimitrov/repos/cellina-reproducibility/data/crc_wt_cosmx/crc_232.h5ad,232_REF,232_CRC,typ,True,0.750115248123501,0.5748443798232192,9.930310249328613,0.1529933363199234,2000,50,200,1772,4994,epoch=11-step=1056-vae_loss_validation=325.1748046875,71.6,1,329,81,11,0.6765426170468187,0.3,1.0,0.3,0.9,1.1133419506866888,0,0,0.750115248123501,0.6765426170468187,0.3,1.0,0.3,0.9,1.1133419506866888,7495.015367737273,0.7274185003946044,10000,100.56572385803318,109.63526927427536,12.399810994786847,16.91139004236213,8,Endothelial
1.0,4,200,Endothelial,/data/ddimitrov/repos/cellina-reproducibility/data/crc_wt_cosmx/crc_232.h5ad,232_REF,232_CRC,typ,True,0.779599268823568,0.572236507216743,6.060404300689697,0.09752867370843887,2000,50,200,1772,4994,epoch=17-step=1632-vae_loss_validation=324.5826721191406,72.4,0,115,13,1,0.712845138055222,0.3,1.0,0.3,0.84,0.984116725983563,0,0,0.779599268823568,0.712845138055222,0.3,1.0,0.3,0.84,0.984116725983563,7347.524695308724,0.7306768121746096,10000,101.23530811637404,110.19488245924128,12.610713994997663,16.802499587594273,8,Endothelial
0.1,0,200,Epithelial,/data/ddimitrov/repos/cellina-reproducibility/data/crc_wt_cosmx/crc_232.h5ad,232_REF,232_CRC,typ,True,-0.5436128772218893,0.3898560196477434,0.3781623840332031,0.0063486951403319836,2000,50,200,12646,37319,epoch=18-step=1188-vae_loss_validation=287.5228271484375,145.7,1,0,0,0,-0.5361344537815126,0.06,0.0,0.0,0.28,6.849958829861806,0,0,-0.5436128772218893,-0.5361344537815126,0.06,0.0,0.0,0.28,6.849958829861806,50582.06542355424,0.601,10000,90.49587595790005,96.61913719359754,19.42012411678511,21.752448285848153,8,Epithelial
0.1,1,200,Epithelial,/data/ddimitrov/repos/cellina-reproducibility/data/crc_wt_cosmx/crc_232.h5ad,232_REF,232_CRC,typ,True,-0.10450594199939571,0.3188191086821145,0.2887272834777832,0.004973734728991985,2000,50,200,12646,37319,epoch=15-step=990-vae_loss_validation=287.3871154785156,144.6,0,0,0,0,0.009171668667466985,0.08,0.0,0.0,0.54,6.437496100696872,0,0,-0.10450594199939571,0.009171668667466985,0.08,0.0,0.0,0.54,6.437496100696872,49983.072695245595,0.6064,10000,89.17732720260692,95.292844937759,18.52145115131259,21.162417202306635,8,Epithelial
0.1,2,200,Epithelial,/data/ddimitrov/repos/cellina-reproducibility/data/crc_wt_cosmx/crc_232.h5ad,232_REF,232_CRC,typ,True,0.43513059846119345,0.36184069200873625,0.1984463632106781,0.0034623208921402693,2000,50,200,12646,37319,epoch=34-step=2244-vae_loss_validation=287.6275634765625,141.6,1,0,0,0,0.3335894357743097,0.02,1.0,0.02,0.66,6.0375952265795085,0,0,0.43513059846119345,0.3335894357743097,0.02,1.0,0.02,0.66,6.0375952265795085,49591.06530638381,0.6199,10000,86.11229732546553,90.69884885679171,17.52683580880092,20.1194255902233,8,Epithelial
0.1,3,200,Epithelial,/data/ddimitrov/repos/cellina-reproducibility/data/crc_wt_cosmx/crc_232.h5ad,232_REF,232_CRC,typ,True,0.17480032989821812,0.48313889705580265,0.4231985807418823,0.00722539285197854,2000,50,200,12646,37319,epoch=14-step=924-vae_loss_validation=287.59967041015625,141.8,0,0,0,0,0.1169267707082833,0.06,0.6666666666666666,0.04,0.56,6.114279815985778,0,0,0.17480032989821812,0.1169267707082833,0.06,0.6666666666666666,0.04,0.56,6.114279815985778,50304.401973010805,0.5878,10000,92.69102470004644,100.25618538557767,18.6197665839485,20.989962831615294,8,Epithelial
0.1,4,200,Epithelial,/data/ddimitrov/repos/cellina-reproducibility/data/crc_wt_cosmx/crc_232.h5ad,232_REF,232_CRC,typ,True,0.1409611711920326,0.5276509089475047,0.3334375023841858,0.005733728874474764,2000,50,200,12646,37319,epoch=16-step=1056-vae_loss_validation=287.2897033691406,142.2,1,0,0,0,0.14189675870348137,0.14,0.7142857142857143,0.1,0.62,6.076437001215323,0,0,0.1409611711920326,0.14189675870348137,0.14,0.7142857142857143,0.1,0.62,6.076437001215323,50395.98181033333,0.5872,10000,91.75557315789112,96.49195050981919,17.26657295060587,19.85898264873819,8,Epithelial
0.25,0,200,Epithelial,/data/ddimitrov/repos/cellina-reproducibility/data/crc_wt_cosmx/crc_232.h5ad,232_REF,232_CRC,typ,True,-0.5283974453772385,0.44714153458591915,1.0285885334014893,0.016819102689623833,2000,50,200,12646,37319,epoch=18-step=1188-vae_loss_validation=287.5228271484375,143.7,0,0,0,0,-0.5287394957983192,0.06,0.0,0.0,0.3,6.805563231228701,0,0,-0.5283974453772385,-0.5287394957983192,0.06,0.0,0.0,0.3,6.805563231228701,50548.42681346768,0.6023,10000,90.51908116412584,96.92350399295928,19.28494668629166,21.914378553423013,8,Epithelial
0.25,1,200,Epithelial,/data/ddimitrov/repos/cellina-reproducibility/data/crc_wt_cosmx/crc_232.h5ad,232_REF,232_CRC,typ,True,-0.07083259712277923,0.3583185423187759,0.805206835269928,0.013883055187761784,2000,50,200,12646,37319,epoch=15-step=990-vae_loss_validation=287.3871154785156,141.4,1,0,0,0,0.027322929171668665,0.1,0.2,0.02,0.54,6.393395195404481,0,0,-0.07083259712277923,0.027322929171668665,0.1,0.2,0.02,0.54,6.393395195404481,49977.852308052614,0.6104,10000,90.31212877769198,95.1348284842292,18.45837021036987,21.26114139054329,8,Epithelial
0.25,2,200,Epithelial,/data/ddimitrov/repos/cellina-reproducibility/data/crc_wt_cosmx/crc_232.h5ad,232_REF,232_CRC,typ,True,0.4605801473935507,0.47104792984731825,0.5264045000076294,0.008611851371824741,2000,50,200,12646,37319,epoch=34-step=2244-vae_loss_validation=287.6275634765625,144.4,0,0,0,0,0.3511644657863145,0.02,1.0,0.02,0.64,6.010015625479197,0,0,0.4605801473935507,0.3511644657863145,0.02,1.0,0.02,0.64,6.010015625479197,49558.49224111531,0.6164,10000,85.52379905379613,90.8921573571674,17.496163438390067,20.245436263379013,8,Epithelial
0.25,3,200,Epithelial,/data/ddimitrov/repos/cellina-reproducibility/data/crc_wt_cosmx/crc_232.h5ad,232_REF,232_CRC,typ,True,0.21727904330560702,0.49266150135692727,1.1498875617980957,0.01965535804629326,2000,50,200,12646,37319,epoch=14-step=924-vae_loss_validation=287.59967041015625,141.4,1,0,0,0,0.16398559423769507,0.1,0.8,0.08,0.56,6.052170159674764,0,0,0.21727904330560702,0.16398559423769507,0.1,0.8,0.08,0.56,6.052170159674764,50292.021988711385,0.5849,10000,92.94621674581875,99.32172279896923,18.365198498698838,20.975023560336105,8,Epithelial
0.25,4,200,Epithelial,/data/ddimitrov/repos/cellina-reproducibility/data/crc_wt_cosmx/crc_232.h5ad,232_REF,232_CRC,typ,True,0.1812554899370987,0.5570291505823919,0.9834567308425903,0.01679520308971405,2000,50,200,12646,37319,epoch=16-step=1056-vae_loss_validation=287.2897033691406,138.4,0,0,0,0,0.16436974789915965,0.14,0.7142857142857143,0.1,0.62,6.019134412410153,0,0,0.1812554899370987,0.16436974789915965,0.14,0.7142857142857143,0.1,0.62,6.019134412410153,50357.76749507749,0.5874,10000,91.28099812068753,96.5788415436912,17.20968937623622,19.576191851616095,8,Epithelial
0.5,0,200,Epithelial,/data/ddimitrov/repos/cellina-reproducibility/data/crc_wt_cosmx/crc_232.h5ad,232_REF,232_CRC,typ,True,-0.4086380299638183,0.5650937852674159,3.022615909576416,0.04657958075404167,2000,50,200,12646,37319,epoch=18-step=1188-vae_loss_validation=287.5228271484375,143.9,1,21,1,0,-0.4225210084033613,0.04,0.0,0.0,0.38,6.631220591852589,0,0,-0.4086380299638183,-0.4225210084033613,0.04,0.0,0.0,0.38,6.631220591852589,50428.144325226414,0.6049,10000,90.51597363094524,96.38762178657984,19.136469139310265,21.688224680887863,8,Epithelial
0.5,1,200,Epithelial,/data/ddimitrov/repos/cellina-reproducibility/data/crc_wt_cosmx/crc_232.h5ad,232_REF,232_CRC,typ,True,0.027806395636567782,0.41021065578032406,2.09306001663208,0.036106351763010025,2000,50,200,12646,37319,epoch=15-step=990-vae_loss_validation=287.3871154785156,143.2,0,2,0,0,0.1078031212484994,0.12,0.3333333333333333,0.04,0.52,6.273643495677874,0,0,0.027806395636567782,0.1078031212484994,0.12,0.3333333333333333,0.04,0.52,6.273643495677874,49949.97481942491,0.6125,10000,90.22928078769124,94.9545980416037,18.208385614184078,20.99289964511655,8,Epithelial
0.5,2,200,Epithelial,/data/ddimitrov/repos/cellina-reproducibility/data/crc_wt_cosmx/crc_232.h5ad,232_REF,232_CRC,typ,True,0.4927301555043519,0.494027425612644,1.3071774244308472,0.020447803661227226,2000,50,200,12646,37319,epoch=34-step=2244-vae_loss_validation=287.6275634765625,140.4,1,0,0,0,0.3635534213685474,0.04,1.0,0.04,0.66,5.943889306217328,0,0,0.4927301555043519,0.3635534213685474,0.04,1.0,0.04,0.66,5.943889306217328,49498.55038244504,0.6193,10000,85.62545530334081,90.72715965745594,17.48743017307435,20.0810386748172,8,Epithelial
0.5,3,200,Epithelial,/data/ddimitrov/repos/cellina-reproducibility/data/crc_wt_cosmx/crc_232.h5ad,232_REF,232_CRC,typ,True,0.29765064993361695,0.5305014756840407,2.686230421066284,0.04580110311508179,2000,50,200,12646,37319,epoch=14-step=924-vae_loss_validation=287.59967041015625,143.7,0,4,0,0,0.2394717887154862,0.18,0.7777777777777778,0.14,0.62,5.9034684579512176,0,0,0.29765064993361695,0.2394717887154862,0.18,0.7777777777777778,0.14,0.62,5.9034684579512176,50255.62332376896,0.5841,10000,93.2173657959048,99.64436580230219,18.019006724734634,20.42240736242885,8,Epithelial
0.5,4,200,Epithelial,/data/ddimitrov/repos/cellina-reproducibility/data/crc_wt_cosmx/crc_232.h5ad,232_REF,232_CRC,typ,True,0.2833815941423653,0.5858598810290031,2.9429636001586914,0.04997916892170906,2000,50,200,12646,37319,epoch=16-step=1056-vae_loss_validation=287.2897033691406,141.9,1,4,0,0,0.2680912364945978,0.16,0.75,0.12,0.66,5.839582154538671,0,0,0.2833815941423653,0.2680912364945978,0.16,0.75,0.12,0.66,5.839582154538671,50277.19913968302,0.5841,10000,91.6816346900412,95.97733995468138,16.688389667588027,19.217454943690647,8,Epithelial
0.75,0,200,Epithelial,/data/ddimitrov/repos/cellina-reproducibility/data/crc_wt_cosmx/crc_232.h5ad,232_REF,232_CRC,typ,True,0.11175796878874808,0.6252501007061685,7.8600287437438965,0.11113474518060684,2000,50,200,12646,37319,epoch=18-step=1188-vae_loss_validation=287.5228271484375,144.0,0,141,55,4,0.04345738295318128,0.0,0.0,0.0,0.54,6.189055932019748,0,0,0.11175796878874808,0.04345738295318128,0.0,0.0,0.0,0.54,6.189055932019748,50104.846531508214,0.6066,10000,90.78890823566198,97.54908231897738,18.43431181789716,20.792213284303635,8,Epithelial
0.75,1,200,Epithelial,/data/ddimitrov/repos/cellina-reproducibility/data/crc_wt_cosmx/crc_232.h5ad,232_REF,232_CRC,typ,True,0.2090944036726252,0.47391556131307117,4.337989330291748,0.07449131458997726,2000,50,200,12646,37319,epoch=15-step=990-vae_loss_validation=287.3871154785156,143.5,1,30,2,0,0.2154621848739496,0.12,0.6666666666666666,0.08,0.54,6.034659714149335,0,0,0.2090944036726252,0.2154621848739496,0.12,0.6666666666666666,0.08,0.54,6.034659714149335,49872.33902707797,0.6108,10000,90.58011103148382,95.11359678583585,17.662047862723533,20.39753048114943,8,Epithelial
0.75,2,200,Epithelial,/data/ddimitrov/repos/cellina-reproducibility/data/crc_wt_cosmx/crc_232.h5ad,232_REF,232_CRC,typ,True,0.47907748464130434,0.40071566655805535,2.7984275817871094,0.04252155125141144,2000,50,200,12646,37319,epoch=34-step=2244-vae_loss_validation=287.6275634765625,148.8,0,19,2,0,0.4228091236494598,0.1,0.8,0.08,0.74,5.8482101981099825,0,0,0.47907748464130434,0.4228091236494598,0.1,0.8,0.08,0.74,5.8482101981099825,49443.302479363185,0.6133,10000,85.74985058131307,91.5407499481302,17.313108537460238,20.170556898342983,8,Epithelial
0.75,3,200,Epithelial,/data/ddimitrov/repos/cellina-reproducibility/data/crc_wt_cosmx/crc_232.h5ad,232_REF,232_CRC,typ,True,0.3761953869113095,0.5752888301500751,4.50443172454834,0.07669825851917267,2000,50,200,12646,37319,epoch=14-step=924-vae_loss_validation=287.59967041015625,145.8,1,52,0,0,0.33099639855942375,0.2,0.8,0.16,0.66,5.707954504395789,0,0,0.3761953869113095,0.33099639855942375,0.2,0.8,0.16,0.66,5.707954504395789,50192.89498200858,0.5758,10000,93.80994155792209,100.67613179718573,17.352298760651117,19.879347145735693,8,Epithelial
0.75,4,200,Epithelial,/data/ddimitrov/repos/cellina-reproducibility/data/crc_wt_cosmx/crc_232.h5ad,232_REF,232_CRC,typ,True,0.3979831994901,0.6060933202552844,6.31591272354126,0.10679201036691666,2000,50,200,12646,37319,epoch=16-step=1056-vae_loss_validation=287.2897033691406,142.4,0,173,6,0,0.37210084033613444,0.14,1.0,0.14,0.72,5.523402143674495,0,0,0.3979831994901,0.37210084033613444,0.14,1.0,0.14,0.72,5.523402143674495,50172.690985169735,0.5694,10000,92.2224495387678,97.51030058467839,16.001674589338762,18.75382508083879,8,Epithelial
1.0,0,200,Epithelial,/data/ddimitrov/repos/cellina-reproducibility/data/crc_wt_cosmx/crc_232.h5ad,232_REF,232_CRC,typ,True,0.4432936848879825,0.6517680447556651,13.057538032531738,0.17858760058879852,2000,50,200,12646,37319,epoch=18-step=1188-vae_loss_validation=287.5228271484375,146.0,1,379,108,41,0.38602641056422565,0.0,0.0,0.0,0.72,5.681063196983688,0,0,0.4432936848879825,0.38602641056422565,0.0,0.0,0.0,0.72,5.681063196983688,49720.51967744504,0.6001,10000,89.24470474267557,97.93900393315019,17.477933819305097,19.800374186694402,8,Epithelial
1.0,1,200,Epithelial,/data/ddimitrov/repos/cellina-reproducibility/data/crc_wt_cosmx/crc_232.h5ad,232_REF,232_CRC,typ,True,0.35091951530230536,0.5214743915805232,6.721343040466309,0.1148335412144661,2000,50,200,12646,37319,epoch=15-step=990-vae_loss_validation=287.3871154785156,141.7,0,173,8,1,0.3441536614645858,0.12,0.6666666666666666,0.08,0.66,5.76650131102493,0,0,0.35091951530230536,0.3441536614645858,0.12,0.6666666666666666,0.08,0.66,5.76650131102493,49779.63818595091,0.6065,10000,90.50190430907931,95.67021250984064,17.233529389046463,19.512745686264694,8,Epithelial
1.0,2,200,Epithelial,/data/ddimitrov/repos/cellina-reproducibility/data/crc_wt_cosmx/crc_232.h5ad,232_REF,232_CRC,typ,True,0.45696216853211413,0.37371376104847537,4.402143955230713,0.06622300297021866,2000,50,200,12646,37319,epoch=34-step=2244-vae_loss_validation=287.6275634765625,140.3,1,51,9,0,0.45891956782713084,0.12,0.8333333333333334,0.1,0.8,5.744971272714686,0,0,0.45696216853211413,0.45891956782713084,0.12,0.8333333333333334,0.1,0.8,5.744971272714686,49375.4138926706,0.6117,10000,86.01649905767442,91.70702667632469,17.18154568094953,20.00935588939108,8,Epithelial
1.0,3,200,Epithelial,/data/ddimitrov/repos/cellina-reproducibility/data/crc_wt_cosmx/crc_232.h5ad,232_REF,232_CRC,typ,True,0.42729594049270503,0.603751755372595,5.917336940765381,0.10057254135608673,2000,50,200,12646,37319,epoch=14-step=924-vae_loss_validation=287.59967041015625,141.7,0,111,7,0,0.39918367346938777,0.2,0.9,0.18,0.68,5.546824353696412,0,0,0.42729594049270503,0.39918367346938777,0.2,0.9,0.18,0.68,5.546824353696412,50131.72383788657,0.5716,10000,93.62996739628188,101.17351255270482,16.976784367017917,19.412209961525242,8,Epithelial
1.0,4,200,Epithelial,/data/ddimitrov/repos/cellina-reproducibility/data/crc_wt_cosmx/crc_232.h5ad,232_REF,232_CRC,typ,True,0.4466914444532735,0.6078948235093317,8.896538734436035,0.1502746343612671,2000,50,200,12646,37319,epoch=16-step=1056-vae_loss_validation=287.2897033691406,137.3,1,358,46,0,0.4211764705882352,0.18,1.0,0.18,0.7,5.289055016756027,0,0,0.4466914444532735,0.4211764705882352,0.18,1.0,0.18,0.7,5.289055016756027,50121.9470154998,0.5516,10000,93.01196009160644,99.70636163536601,15.46253607314831,18.376919518810865,8,Epithelial
0.1,0,200,Fibroblast,/data/ddimitrov/repos/cellina-reproducibility/data/crc_wt_cosmx/crc_232.h5ad,232_REF,232_CRC,typ,True,-0.05270264318723681,0.5802394541962218,0.4663669168949127,0.007302381563931704,2000,50,200,2881,20695,epoch=22-step=1804-vae_loss_validation=326.534423828125,98.6,0,0,0,0,-0.13786314525810325,0.1,0.2,0.02,0.38,4.489143898261002,0,0,-0.05270264318723681,-0.13786314525810325,0.1,0.2,0.02,0.38,4.489143898261002,28556.704166693224,0.6369,10000,96.07011944565299,103.64819232019781,11.188156744174806,15.165581533101683,8,Fibroblast
0.1,1,200,Fibroblast,/data/ddimitrov/repos/cellina-reproducibility/data/crc_wt_cosmx/crc_232.h5ad,232_REF,232_CRC,typ,True,0.27561789603936754,0.6520243392903989,0.3786250352859497,0.00617064256221056,2000,50,200,2881,20695,epoch=51-step=4182-vae_loss_validation=326.1037292480469,97.3,0,0,0,0,0.10924369747899158,0.08,0.5,0.04,0.5,3.601120037226973,0,0,0.27561789603936754,0.10924369747899158,0.08,0.5,0.04,0.5,3.601120037226973,28344.91656902038,0.6312,10000,94.25481570115612,100.43635757796565,12.367378626775627,15.79121191381061,8,Fibroblast
0.1,2,200,Fibroblast,/data/ddimitrov/repos/cellina-reproducibility/data/crc_wt_cosmx/crc_232.h5ad,232_REF,232_CRC,typ,True,0.42488179114730573,0.7354024547459961,0.352577269077301,0.005681172013282776,2000,50,200,2881,20695,epoch=37-step=3034-vae_loss_validation=326.9483642578125,95.2,1,0,0,0,0.3675870348139256,0.06,0.6666666666666666,0.04,0.66,3.434585794519296,0,0,0.42488179114730573,0.3675870348139256,0.06,0.6666666666666666,0.04,0.66,3.434585794519296,28300.471843851188,0.6441000000000001,10000,94.97295023375652,100.30357876621741,12.2152670595564,15.739032085381371,8,Fibroblast
0.1,3,200,Fibroblast,/data/ddimitrov/repos/cellina-reproducibility/data/crc_wt_cosmx/crc_232.h5ad,232_REF,232_CRC,typ,True,0.42629425347918404,0.8976885779799509,0.3631591498851776,0.005834649316966534,2000,50,200,2881,20695,epoch=19-step=1558-vae_loss_validation=327.5024719238281,97.5,0,0,0,0,0.3626890756302521,0.06,0.6666666666666666,0.04,0.62,3.5631574718905186,0,0,0.42629425347918404,0.3626890756302521,0.06,0.6666666666666666,0.04,0.62,3.5631574718905186,28378.842515036325,0.6344,10000,97.60573632158574,104.01339880808398,11.450892282027363,15.386045698385598,8,Fibroblast
0.1,4,200,Fibroblast,/data/ddimitrov/repos/cellina-reproducibility/data/crc_wt_cosmx/crc_232.h5ad,232_REF,232_CRC,typ,True,0.5451384567167189,0.6260917583101204,0.46301397681236267,0.007391755469143391,2000,50,200,2881,20695,epoch=98-step=8036-vae_loss_validation=322.4638977050781,100.9,1,0,0,0,0.37363745498199274,0.08,1.0,0.08,0.66,3.3509785917996027,0,0,0.5451384567167189,0.37363745498199274,0.08,1.0,0.08,0.66,3.3509785917996027,28215.368426427438,0.6343,10000,95.01352828778901,101.85641164274735,12.152638485066449,15.502428451640744,8,Fibroblast
0.25,0,200,Fibroblast,/data/ddimitrov/repos/cellina-reproducibility/data/crc_wt_cosmx/crc_232.h5ad,232_REF,232_CRC,typ,True,0.01666579088574424,0.6348313565884731,1.3675179481506348,0.02152329310774803,2000,50,200,2881,20695,epoch=22-step=1804-vae_loss_validation=326.534423828125,104.1,0,0,0,0,-0.07543817527010806,0.08,0.25,0.02,0.38,4.402057297609518,0,0,0.01666579088574424,-0.07543817527010806,0.08,0.25,0.02,0.38,4.402057297609518,28528.089831221914,0.6373,10000,96.10991203719422,103.59361096752669,11.12094831992682,15.055189036658993,8,Fibroblast
0.25,1,200,Fibroblast,/data/ddimitrov/repos/cellina-reproducibility/data/crc_wt_cosmx/crc_232.h5ad,232_REF,232_CRC,typ,True,0.3510691658983836,0.6533212158619455,0.9738635420799255,0.015717770904302597,2000,50,200,2881,20695,epoch=51-step=4182-vae_loss_validation=326.1037292480469,102.8,1,0,0,0,0.19884753901560623,0.06,0.6666666666666666,0.04,0.54,3.520453141393216,0,0,0.3510691658983836,0.19884753901560623,0.06,0.6666666666666666,0.04,0.54,3.520453141393216,28319.19082258926,0.632,10000,93.59276228861847,100.24035924178648,12.200710057082512,15.769841354980628,8,Fibroblast
0.25,2,200,Fibroblast,/data/ddimitrov/repos/cellina-reproducibility/data/crc_wt_cosmx/crc_232.h5ad,232_REF,232_CRC,typ,True,0.4875948578650593,0.7791072778656155,0.9269723296165466,0.015040462836623192,2000,50,200,2881,20695,epoch=37-step=3034-vae_loss_validation=326.9483642578125,102.0,0,0,0,0,0.4394237695078031,0.06,0.6666666666666666,0.04,0.68,3.350420760711566,0,0,0.4875948578650593,0.4394237695078031,0.06,0.6666666666666666,0.04,0.68,3.350420760711566,28269.430923207907,0.6444000000000001,10000,94.76326295574431,99.9197093831402,11.97227795240291,15.586732943898806,8,Fibroblast
0.25,3,200,Fibroblast,/data/ddimitrov/repos/cellina-reproducibility/data/crc_wt_cosmx/crc_232.h5ad,232_REF,232_CRC,typ,True,0.4797100315743706,0.8790358276360769,1.006630539894104,0.016046704724431038,2000,50,200,2881,20695,epoch=19-step=1558-vae_loss_validation=327.5024719238281,104.7,1,0,0,0,0.40830732292917166,0.06,0.6666666666666666,0.04,0.62,3.442294949856609,0,0,0.4797100315743706,0.40830732292917166,0.06,0.6666666666666666,0.04,0.62,3.442294949856609,28340.038456275266,0.6347,10000,97.1748729225279,103.70113579886666,11.53078548757455,15.406203699392861,8,Fibroblast
0.25,4,200,Fibroblast,/data/ddimitrov/repos/cellina-reproducibility/data/crc_wt_cosmx/crc_232.h5ad,232_REF,232_CRC,typ,True,0.5933494524711607,0.6356936220472446,1.2599189281463623,0.019847190007567406,2000,50,200,2881,20695,epoch=98-step=8036-vae_loss_validation=322.4638977050781,107.9,0,1,0,0,0.43404561824729887,0.1,1.0,0.1,0.68,3.262592558798771,0,0,0.5933494524711607,0.43404561824729887,0.1,1.0,0.1,0.68,3.262592558798771,28189.493332918744,0.6351000000000001,10000,95.11966836360558,101.79971299415526,12.243445669718927,15.496949598121873,8,Fibroblast
0.5,0,200,Fibroblast,/data/ddimitrov/repos/cellina-reproducibility/data/crc_wt_cosmx/crc_232.h5ad,232_REF,232_CRC,typ,True,0.1773979795002859,0.6735276986071919,3.407189130783081,0.05268266424536705,2000,50,200,2881,20695,epoch=22-step=1804-vae_loss_validation=326.534423828125,106.3,1,36,1,0,0.10175270108043216,0.06,0.3333333333333333,0.02,0.4,4.208133197867035,0,0,0.1773979795002859,0.10175270108043216,0.06,0.3333333333333333,0.02,0.4,4.208133197867035,28462.88606717477,0.6367,10000,95.58845292544562,103.10670627136574,10.92508967772714,14.940311587987628,8,Fibroblast
0.5,1,200,Fibroblast,/data/ddimitrov/repos/cellina-reproducibility/data/crc_wt_cosmx/crc_232.h5ad,232_REF,232_CRC,typ,True,0.5071119918402113,0.7240334355827681,2.3622734546661377,0.03763203322887421,2000,50,200,2881,20695,epoch=51-step=4182-vae_loss_validation=326.1037292480469,106.5,0,10,0,0,0.38180072028811524,0.06,1.0,0.06,0.74,3.3300034782871046,0,0,0.5071119918402113,0.38180072028811524,0.06,1.0,0.06,0.74,3.3300034782871046,28260.633340028275,0.6330000000000001,10000,93.54294252715471,100.71280540043502,12.306025826395189,15.684570858472336,8,Fibroblast
0.5,2,200,Fibroblast,/data/ddimitrov/repos/cellina-reproducibility/data/crc_wt_cosmx/crc_232.h5ad,232_REF,232_CRC,typ,True,0.5975856587164604,0.7800324095777582,2.108436346054077,0.03382125869393349,2000,50,200,2881,20695,epoch=37-step=3034-vae_loss_validation=326.9483642578125,109.9,1,5,0,0,0.5324849939975991,0.06,1.0,0.06,0.76,3.1752135016376544,0,0,0.5975856587164604,0.5324849939975991,0.06,1.0,0.06,0.76,3.1752135016376544,28207.197864571397,0.648,10000,94.54435928145355,100.16748409725747,12.167939264218607,15.394696449549027,8,Fibroblast
0.5,3,200,Fibroblast,/data/ddimitrov/repos/cellina-reproducibility/data/crc_wt_cosmx/crc_232.h5ad,232_REF,232_CRC,typ,True,0.5773527826045245,0.901550207773066,2.3723490238189697,0.03832004591822624,2000,50,200,2881,20695,epoch=19-step=1558-vae_loss_validation=327.5024719238281,107.2,0,4,0,0,0.5235534213685473,0.08,1.0,0.08,0.66,3.1888864185375017,0,0,0.5773527826045245,0.5235534213685473,0.08,1.0,0.08,0.66,3.1888864185375017,28259.54755097266,0.6364000000000001,10000,96.8049656958492,103.27142884926074,11.530655941891675,15.347603374259194,8,Fibroblast
0.5,4,200,Fibroblast,/data/ddimitrov/repos/cellina-reproducibility/data/crc_wt_cosmx/crc_232.h5ad,232_REF,232_CRC,typ,True,0.6563688542111692,0.6601924946087179,2.8904476165771484,0.04411148652434349,2000,50,200,2881,20695,epoch=98-step=8036-vae_loss_validation=322.4638977050781,104.5,1,13,2,0,0.5419927971188475,0.1,1.0,0.1,0.78,3.0791449602679513,0,0,0.6563688542111692,0.5419927971188475,0.1,1.0,0.1,0.78,3.0791449602679513,28134.68505377531,0.6387,10000,95.30540336003098,101.87628738454923,12.063222922790175,15.344999218839202,8,Fibroblast
0.75,0,200,Fibroblast,/data/ddimitrov/repos/cellina-reproducibility/data/crc_wt_cosmx/crc_232.h5ad,232_REF,232_CRC,typ,True,0.35946602821490253,0.7050368525951564,5.811915397644043,0.08878623694181442,2000,50,200,2881,20695,epoch=22-step=1804-vae_loss_validation=326.534423828125,107.6,0,101,19,0,0.28,0.1,0.8,0.08,0.46,3.9651298784325903,0,0,0.35946602821490253,0.28,0.1,0.8,0.08,0.46,3.9651298784325903,28375.158049430596,0.6376000000000001,10000,95.34623945958579,102.74419620282966,10.6904514068837,14.762121996372048,8,Fibroblast
0.75,1,200,Fibroblast,/data/ddimitrov/repos/cellina-reproducibility/data/crc_wt_cosmx/crc_232.h5ad,232_REF,232_CRC,typ,True,0.662695515027396,0.7538874757858058,4.158419132232666,0.06548279523849487,2000,50,200,2881,20695,epoch=51-step=4182-vae_loss_validation=326.1037292480469,105.2,1,42,5,0,0.5599519807923168,0.1,1.0,0.1,0.8,3.072465532425126,0,0,0.662695515027396,0.5599519807923168,0.1,1.0,0.1,0.8,3.072465532425126,28178.064051393914,0.6342,10000,94.2436934022808,100.1468809871678,12.067003441806495,15.449335391746743,8,Fibroblast
0.75,2,200,Fibroblast,/data/ddimitrov/repos/cellina-reproducibility/data/crc_wt_cosmx/crc_232.h5ad,232_REF,232_CRC,typ,True,0.7171600925309928,0.8175714774054758,3.9957499504089355,0.06328071653842926,2000,50,200,2881,20695,epoch=37-step=3034-vae_loss_validation=326.9483642578125,116.6,0,42,4,0,0.6555102040816326,0.08,1.0,0.08,0.8,2.902457012300281,0,0,0.7171600925309928,0.6555102040816326,0.08,1.0,0.08,0.8,2.902457012300281,28115.513452057,0.6495000000000001,10000,94.16021698714124,99.10059454050491,11.838821146997756,15.322985982406806,8,Fibroblast
0.75,3,200,Fibroblast,/data/ddimitrov/repos/cellina-reproducibility/data/crc_wt_cosmx/crc_232.h5ad,232_REF,232_CRC,typ,True,0.6724504470731237,0.9060693652156201,4.087921142578125,0.06646048277616501,2000,50,200,2881,20695,epoch=19-step=1558-vae_loss_validation=327.5024719238281,116.4,1,48,1,0,0.629483793517407,0.1,1.0,0.1,0.72,2.88199654004078,0,0,0.6724504470731237,0.629483793517407,0.1,1.0,0.1,0.72,2.88199654004078,28157.489597317915,0.6388,10000,96.16627068565202,102.97644372839257,11.611893884485877,15.232627280086595,8,Fibroblast
0.75,4,200,Fibroblast,/data/ddimitrov/repos/cellina-reproducibility/data/crc_wt_cosmx/crc_232.h5ad,232_REF,232_CRC,typ,True,0.6955031948976839,0.6868802964085416,4.346709728240967,0.06537788361310959,2000,50,200,2881,20695,epoch=98-step=8036-vae_loss_validation=322.4638977050781,111.3,0,48,6,1,0.6214165666266506,0.1,1.0,0.1,0.82,2.8932565898922484,0,0,0.6955031948976839,0.6214165666266506,0.1,1.0,0.1,0.82,2.8932565898922484,28085.1046995389,0.6391,10000,94.9338882556276,101.50764009530036,11.935471500011662,15.167581177704523,8,Fibroblast
1.0,0,200,Fibroblast,/data/ddimitrov/repos/cellina-reproducibility/data/crc_wt_cosmx/crc_232.h5ad,232_REF,232_CRC,typ,True,0.47590387644337623,0.7268899580664194,7.554615497589111,0.11489231884479523,2000,50,200,2881,20695,epoch=22-step=1804-vae_loss_validation=326.534423828125,104.4,1,192,43,2,0.38861944777911167,0.12,0.8333333333333334,0.1,0.5,3.7650761636941676,0,0,0.47590387644337623,0.38861944777911167,0.12,0.8333333333333334,0.1,0.5,3.7650761636941676,28303.92332754351,0.6379,10000,94.37353670491675,103.37673487894207,10.474633466894401,14.368353851927447,8,Fibroblast
1.0,1,200,Fibroblast,/data/ddimitrov/repos/cellina-reproducibility/data/crc_wt_cosmx/crc_232.h5ad,232_REF,232_CRC,typ,True,0.7451902614313115,0.7612775711895826,5.945565700531006,0.09263963252305984,2000,50,200,2881,20695,epoch=51-step=4182-vae_loss_validation=326.1037292480469,114.7,0,97,19,1,0.6386074429771909,0.14,1.0,0.14,0.84,2.8522064277146315,0,0,0.7451902614313115,0.6386074429771909,0.14,1.0,0.14,0.84,2.8522064277146315,28106.69693409811,0.6341,10000,93.29866667888369,100.01240393530983,11.915166547964407,15.201143173177988,8,Fibroblast
1.0,2,200,Fibroblast,/data/ddimitrov/repos/cellina-reproducibility/data/crc_wt_cosmx/crc_232.h5ad,232_REF,232_CRC,typ,True,0.7971557456466168,0.8429469582994352,6.030972003936768,0.09581323713064194,2000,50,200,2881,20695,epoch=37-step=3034-vae_loss_validation=326.9483642578125,106.1,1,116,19,0,0.7342617046818728,0.12,1.0,0.12,0.86,2.59971120366976,0,0,0.7971557456466168,0.7342617046818728,0.12,1.0,0.12,0.86,2.59971120366976,28017.65562476672,0.6503,10000,93.53336813399775,98.97723089910605,11.887545546885399,14.77055078124538,8,Fibroblast
1.0,3,200,Fibroblast,/data/ddimitrov/repos/cellina-reproducibility/data/crc_wt_cosmx/crc_232.h5ad,232_REF,232_CRC,typ,True,0.736673085825508,0.9090844126651589,5.70656156539917,0.09304496645927429,2000,50,200,2881,20695,epoch=19-step=1558-vae_loss_validation=327.5024719238281,110.3,0,97,11,0,0.6868187274909963,0.16,1.0,0.16,0.76,2.6119483470614053,0,0,0.736673085825508,0.6868187274909963,0.16,1.0,0.16,0.76,2.6119483470614053,28069.011089806063,0.6403,10000,95.35383994923538,101.94778683779802,11.685279490203907,15.177893079274924,8,Fibroblast
1.0,4,200,Fibroblast,/data/ddimitrov/repos/cellina-reproducibility/data/crc_wt_cosmx/crc_232.h5ad,232_REF,232_CRC,typ,True,0.7065940686688769,0.6840453361510624,5.411473751068115,0.08039499819278717,2000,50,200,2881,20695,epoch=98-step=8036-vae_loss_validation=322.4638977050781,107.3,1,80,12,2,0.6479231692677071,0.12,1.0,0.12,0.84,2.7781606634497007,0,0,0.7065940686688769,0.6479231692677071,0.12,1.0,0.12,0.84,2.7781606634497007,28053.7804345563,0.6363000000000001,10000,94.90050175761175,101.59883584297853,12.15496153132362,15.026071355977757,8,Fibroblast
0.1,0,200,Myeloid,/data/ddimitrov/repos/cellina-reproducibility/data/crc_wt_cosmx/crc_232.h5ad,232_REF,232_CRC,typ,True,0.7953270586606874,0.571359143133134,0.5524929165840149,0.009461388923227787,2000,50,200,1033,5035,epoch=20-step=1920-vae_loss_validation=325.7966613769531,70.0,1,0,0,0,0.7607683073229292,0.26,1.0,0.26,0.92,1.7771039924488274,0,0,0.7953270586606874,0.7607683073229292,0.26,1.0,0.26,0.92,1.7771039924488274,4026.7344910480224,0.8513899316594103,10000,94.44654398542025,97.56040595725216,13.413062255938252,17.126348102047785,8,Myeloid
0.1,1,200,Myeloid,/data/ddimitrov/repos/cellina-reproducibility/data/crc_wt_cosmx/crc_232.h5ad,232_REF,232_CRC,typ,True,0.8031236836948888,0.5568337820987914,0.5116398334503174,0.008479192852973938,2000,50,200,1033,5035,epoch=22-step=2112-vae_loss_validation=326.39111328125,70.1,0,0,0,0,0.7395438175270108,0.28,1.0,0.28,0.9,1.6850053548130506,0,0,0.8031236836948888,0.7395438175270108,0.28,1.0,0.28,0.9,1.6850053548130506,3936.6066552384254,0.8508440913604767,10000,88.84747909489718,89.34453818833667,12.382473098615415,16.139307589270143,8,Myeloid
0.1,2,200,Myeloid,/data/ddimitrov/repos/cellina-reproducibility/data/crc_wt_cosmx/crc_232.h5ad,232_REF,232_CRC,typ,True,0.7291437945718907,0.5177539164881526,0.5078777074813843,0.008069963194429874,2000,50,200,1033,5035,epoch=18-step=1728-vae_loss_validation=327.2171325683594,68.8,1,0,0,0,0.6950780312124849,0.26,1.0,0.26,0.86,2.165966415206336,0,0,0.7291437945718907,0.6950780312124849,0.26,1.0,0.26,0.86,2.165966415206336,4076.059715214011,0.8492552135054618,10000,94.2142640455036,96.87071290413421,12.60954061649371,16.512836408851637,8,Myeloid
0.1,3,200,Myeloid,/data/ddimitrov/repos/cellina-reproducibility/data/crc_wt_cosmx/crc_232.h5ad,232_REF,232_CRC,typ,True,0.8029887227827801,0.48351569703798175,0.5324537754058838,0.008737743832170963,2000,50,200,1033,5035,epoch=15-step=1440-vae_loss_validation=325.1460876464844,69.4,0,0,0,0,0.7658583433373349,0.28,1.0,0.28,0.96,1.6798842575538746,0,0,0.8029887227827801,0.7658583433373349,0.28,1.0,0.28,0.96,1.6798842575538746,4120.791093983692,0.8361469712015889,10000,98.59719764746754,105.46346131132812,12.527361816777608,16.487316361136145,8,Myeloid
0.1,4,200,Myeloid,/data/ddimitrov/repos/cellina-reproducibility/data/crc_wt_cosmx/crc_232.h5ad,232_REF,232_CRC,typ,True,0.7797753650562604,0.4719436051889076,0.4912295341491699,0.008196119219064713,2000,50,200,1033,5035,epoch=15-step=1440-vae_loss_validation=325.31201171875,73.6,1,0,0,0,0.758079231692677,0.26,1.0,0.26,0.94,1.8337848873916547,0,0,0.7797753650562604,0.758079231692677,0.26,1.0,0.26,0.94,1.8337848873916547,4184.329547629858,0.8337636544190665,10000,99.04353516029457,105.98733243717842,12.477950473288068,16.745309959976225,8,Myeloid
0.25,0,200,Myeloid,/data/ddimitrov/repos/cellina-reproducibility/data/crc_wt_cosmx/crc_232.h5ad,232_REF,232_CRC,typ,True,0.8073587130293206,0.5869699032954799,1.3987548351287842,0.023531582206487656,2000,50,200,1033,5035,epoch=20-step=1920-vae_loss_validation=325.7966613769531,70.8,0,0,0,0,0.7774789915966386,0.28,1.0,0.28,0.92,1.7006096932484984,0,0,0.8073587130293206,0.7774789915966386,0.28,1.0,0.28,0.92,1.7006096932484984,4017.216571051514,0.8502482621648461,10000,94.24067057663221,97.01947145572454,13.372216047533886,17.265637357780697,8,Myeloid
0.25,1,200,Myeloid,/data/ddimitrov/repos/cellina-reproducibility/data/crc_wt_cosmx/crc_232.h5ad,232_REF,232_CRC,typ,True,0.814871418471297,0.5725203837855298,1.4038217067718506,0.02281016856431961,2000,50,200,1033,5035,epoch=22-step=2112-vae_loss_validation=326.39111328125,72.7,1,0,0,0,0.7512605042016807,0.28,1.0,0.28,0.92,1.6076973320168702,0,0,0.814871418471297,0.7512605042016807,0.28,1.0,0.28,0.92,1.6076973320168702,3929.9464894361713,0.8524329692154916,10000,89.0417143689499,89.1922644208927,12.43554199599551,16.147529638700796,8,Myeloid
0.25,2,200,Myeloid,/data/ddimitrov/repos/cellina-reproducibility/data/crc_wt_cosmx/crc_232.h5ad,232_REF,232_CRC,typ,True,0.743539293820387,0.5255456525521195,1.4740420579910278,0.022951651364564896,2000,50,200,1033,5035,epoch=18-step=1728-vae_loss_validation=327.2171325683594,69.9,0,0,0,0,0.7169747899159663,0.26,1.0,0.26,0.9,2.0730983970905816,0,0,0.743539293820387,0.7169747899159663,0.26,1.0,0.26,0.9,2.0730983970905816,4063.1832763868183,0.8496524329692156,10000,95.14530482461372,96.11448846185627,12.488132389405703,16.63599399759569,8,Myeloid
0.25,3,200,Myeloid,/data/ddimitrov/repos/cellina-reproducibility/data/crc_wt_cosmx/crc_232.h5ad,232_REF,232_CRC,typ,True,0.8098896021247358,0.4855598453179938,1.4610395431518555,0.023708846420049667,2000,50,200,1033,5035,epoch=15-step=1440-vae_loss_validation=325.1460876464844,72.8,1,0,0,0,0.767875150060024,0.28,1.0,0.28,0.96,1.6351164329308008,0,0,0.8098896021247358,0.767875150060024,0.28,1.0,0.28,0.96,1.6351164329308008,4118.984191791766,0.8343594836146971,10000,98.17858860974715,105.6189614143291,12.40695011558867,16.372541774333108,8,Myeloid
0.25,4,200,Myeloid,/data/ddimitrov/repos/cellina-reproducibility/data/crc_wt_cosmx/crc_232.h5ad,232_REF,232_CRC,typ,True,0.7870871679065122,0.49134254967526714,1.230866551399231,0.020436441525816917,2000,50,200,1033,5035,epoch=15-step=1440-vae_loss_validation=325.31201171875,70.6,0,0,0,0,0.7696998799519807,0.26,1.0,0.26,0.94,1.7847111590040705,0,0,0.7870871679065122,0.7696998799519807,0.26,1.0,0.26,0.94,1.7847111590040705,4172.397452687353,0.8337636544190665,10000,98.88892599636524,105.50662376879556,12.534542327641558,16.656481690364945,8,Myeloid
0.5,0,200,Myeloid,/data/ddimitrov/repos/cellina-reproducibility/data/crc_wt_cosmx/crc_232.h5ad,232_REF,232_CRC,typ,True,0.8298831800562089,0.5890751002741783,3.1734366416931152,0.053874529898166656,2000,50,200,1033,5035,epoch=20-step=1920-vae_loss_validation=325.7966613769531,74.8,1,14,0,0,0.7918847539015607,0.3,1.0,0.3,0.96,1.5554785565281086,0,0,0.8298831800562089,0.7918847539015607,0.3,1.0,0.3,0.96,1.5554785565281086,3991.556697836106,0.8510177066440051,10000,94.10343228335827,96.80055657228971,13.182672967861441,17.037472653467198,8,Myeloid
0.5,1,200,Myeloid,/data/ddimitrov/repos/cellina-reproducibility/data/crc_wt_cosmx/crc_232.h5ad,232_REF,232_CRC,typ,True,0.8375426399621669,0.5699926544884346,3.234978437423706,0.05270833522081375,2000,50,200,1033,5035,epoch=22-step=2112-vae_loss_validation=326.39111328125,71.3,0,15,0,0,0.788811524609844,0.3,1.0,0.3,0.92,1.454051125479698,0,0,0.8375426399621669,0.788811524609844,0.3,1.0,0.3,0.92,1.454051125479698,3908.6525420952985,0.8490566037735849,10000,88.38482325029652,90.55870140344148,12.431724648348588,16.128807100804824,8,Myeloid
0.5,2,200,Myeloid,/data/ddimitrov/repos/cellina-reproducibility/data/crc_wt_cosmx/crc_232.h5ad,232_REF,232_CRC,typ,True,0.7713509837650524,0.5432233673691816,3.224940776824951,0.0503985732793808,2000,50,200,1033,5035,epoch=18-step=1728-vae_loss_validation=327.2171325683594,74.3,1,23,1,0,0.7302280912364946,0.26,1.0,0.26,0.92,1.8928859677424434,0,0,0.7713509837650524,0.7302280912364946,0.26,1.0,0.26,0.92,1.8928859677424434,4033.17166191641,0.9994041708043694,10000,93.85587191286507,96.2508111780694,12.332936937379817,16.62825735389045,8,Myeloid
0.5,3,200,Myeloid,/data/ddimitrov/repos/cellina-reproducibility/data/crc_wt_cosmx/crc_232.h5ad,232_REF,232_CRC,typ,True,0.8276470486487374,0.5101880784619126,3.7066233158111572,0.059536464512348175,2000,50,200,1033,5035,epoch=15-step=1440-vae_loss_validation=325.1460876464844,73.0,0,39,0,0,0.7898679471788714,0.26,1.0,0.26,0.96,1.5165304261177928,0,0,0.8276470486487374,0.7898679471788714,0.26,1.0,0.26,0.96,1.5165304261177928,4100.85317742188,0.8337636544190665,10000,98.04690579598352,105.01748878529467,12.246129800848534,16.374176146352763,8,Myeloid
0.5,4,200,Myeloid,/data/ddimitrov/repos/cellina-reproducibility/data/crc_wt_cosmx/crc_232.h5ad,232_REF,232_CRC,typ,True,0.8052251362475389,0.5125755807604199,2.8233585357666016,0.04672420397400856,2000,50,200,1033,5035,epoch=15-step=1440-vae_loss_validation=325.31201171875,72.4,1,12,0,0,0.7851620648259303,0.28,1.0,0.28,0.94,1.6622315074458927,0,0,0.8052251362475389,0.7851620648259303,0.28,1.0,0.28,0.94,1.6622315074458927,4138.450111056137,0.835948361469712,10000,98.44679991451258,104.62160985106702,12.452651929881595,16.667713381038105,8,Myeloid
0.75,0,200,Myeloid,/data/ddimitrov/repos/cellina-reproducibility/data/crc_wt_cosmx/crc_232.h5ad,232_REF,232_CRC,typ,True,0.8549565890366381,0.592130505758233,5.40177059173584,0.09223823249340057,2000,50,200,1033,5035,epoch=20-step=1920-vae_loss_validation=325.7966613769531,79.5,0,81,5,0,0.7992797118847538,0.32,1.0,0.32,0.98,1.3860508204489406,0,0,0.8549565890366381,0.7992797118847538,0.32,1.0,0.32,0.98,1.3860508204489406,3957.395670115293,0.8535996331584043,10000,92.90324595877908,92.51128780836342,13.285582008881345,16.915001299420272,8,Myeloid
0.75,1,200,Myeloid,/data/ddimitrov/repos/cellina-reproducibility/data/crc_wt_cosmx/crc_232.h5ad,232_REF,232_CRC,typ,True,0.8634313924364718,0.5727863582302953,5.578851699829102,0.0909394919872284,2000,50,200,1033,5035,epoch=22-step=2112-vae_loss_validation=326.39111328125,87.1,1,96,5,0,0.80859543817527,0.3,1.0,0.3,0.98,1.27026703350842,0,0,0.8634313924364718,0.80859543817527,0.3,1.0,0.3,0.98,1.27026703350842,3873.0304881118273,0.8508440913604767,10000,88.69113712007731,88.99218073284274,11.983210440399912,15.752776792135588,8,Myeloid
0.75,2,200,Myeloid,/data/ddimitrov/repos/cellina-reproducibility/data/crc_wt_cosmx/crc_232.h5ad,232_REF,232_CRC,typ,True,0.8052595328523241,0.5603086104590075,5.597311019897461,0.08912771940231323,2000,50,200,1033,5035,epoch=18-step=1728-vae_loss_validation=327.2171325683594,105.8,0,80,17,0,0.761344537815126,0.26,1.0,0.26,0.94,1.6664901978733684,0,0,0.8052595328523241,0.761344537815126,0.26,1.0,0.26,0.94,1.6664901978733684,3991.906314597992,0.850446871896723,10000,93.5258889695959,95.42927402863617,12.164943123490264,16.41386291502986,8,Myeloid
0.75,3,200,Myeloid,/data/ddimitrov/repos/cellina-reproducibility/data/crc_wt_cosmx/crc_232.h5ad,232_REF,232_CRC,typ,True,0.8490815593247533,0.5375823814511654,6.716897010803223,0.10709290206432343,2000,50,200,1033,5035,epoch=15-step=1440-vae_loss_validation=325.1460876464844,124.3,1,166,25,0,0.8119567827130851,0.28,1.0,0.28,0.96,1.3656291336502602,0,0,0.8490815593247533,0.8119567827130851,0.28,1.0,0.28,0.96,1.3656291336502602,4060.209982460222,0.8331678252234359,10000,97.1074428008791,105.05832038229087,12.327823797513307,16.22385211045902,8,Myeloid
0.75,4,200,Myeloid,/data/ddimitrov/repos/cellina-reproducibility/data/crc_wt_cosmx/crc_232.h5ad,232_REF,232_CRC,typ,True,0.8291149239792546,0.5380422036634456,5.0955939292907715,0.08546283096075058,2000,50,200,1033,5035,epoch=15-step=1440-vae_loss_validation=325.31201171875,120.7,0,58,9,0,0.8008163265306122,0.28,1.0,0.28,0.96,1.493832935646111,0,0,0.8291149239792546,0.8008163265306122,0.28,1.0,0.28,0.96,1.493832935646111,4081.302706414558,0.8379344587884806,10000,97.9088364624875,104.56918027250079,12.381674131158574,16.6949238574062,8,Myeloid
1.0,0,200,Myeloid,/data/ddimitrov/repos/cellina-reproducibility/data/crc_wt_cosmx/crc_232.h5ad,232_REF,232_CRC,typ,True,0.8798740658192604,0.5971454550222609,8.168150901794434,0.14091913402080536,2000,50,200,1033,5035,epoch=20-step=1920-vae_loss_validation=325.7966613769531,114.0,1,280,34,1,0.8188715486194478,0.34,1.0,0.34,1.0,1.205500298142395,0,0,0.8798740658192604,0.8188715486194478,0.34,1.0,0.34,1.0,1.205500298142395,3906.710037545144,0.8530287984111221,10000,91.10058123233046,93.26055043515166,13.096540016118539,16.80643859567584,8,Myeloid
1.0,1,200,Myeloid,/data/ddimitrov/repos/cellina-reproducibility/data/crc_wt_cosmx/crc_232.h5ad,232_REF,232_CRC,typ,True,0.8864537987058827,0.5712105805705859,8.159048080444336,0.13267602026462555,2000,50,200,1033,5035,epoch=22-step=2112-vae_loss_validation=326.39111328125,112.7,0,250,54,2,0.8158943577430973,0.28,1.0,0.28,1.0,1.0942925517224014,0,0,0.8864537987058827,0.8158943577430973,0.28,1.0,0.28,1.0,1.0942925517224014,3833.390073256685,0.8528301886792452,10000,86.87203281324666,88.68523786313848,11.940813177588263,15.687841771053296,8,Myeloid
1.0,2,200,Myeloid,/data/ddimitrov/repos/cellina-reproducibility/data/crc_wt_cosmx/crc_232.h5ad,232_REF,232_CRC,typ,True,0.8377947332202217,0.5717177593271942,8.18940258026123,0.13214220106601715,2000,50,200,1033,5035,epoch=18-step=1728-vae_loss_validation=327.2171325683594,117.1,1,228,44,6,0.7866026410564226,0.28,1.0,0.28,0.96,1.4388556129038914,0,0,0.8377947332202217,0.7866026410564226,0.28,1.0,0.28,0.96,1.4388556129038914,3944.998088193116,0.8520357497517379,10000,92.90344115690712,94.62540958137845,12.165892357186852,16.135646441532472,8,Myeloid
1.0,3,200,Myeloid,/data/ddimitrov/repos/cellina-reproducibility/data/crc_wt_cosmx/crc_232.h5ad,232_REF,232_CRC,typ,True,0.8655772040358936,0.5546306339549348,9.741609573364258,0.1550985872745514,2000,50,200,1033,5035,epoch=15-step=1440-vae_loss_validation=325.1460876464844,109.2,0,342,79,6,0.8323169267707081,0.32,1.0,0.32,0.96,1.2486985928733425,0,0,0.8655772040358936,0.8323169267707081,0.32,1.0,0.32,0.96,1.2486985928733425,4008.755950134888,0.8331678252234359,10000,96.67038599937487,104.99481224319484,12.293207790165509,16.335299497407128,8,Myeloid
1.0,4,200,Myeloid,/data/ddimitrov/repos/cellina-reproducibility/data/crc_wt_cosmx/crc_232.h5ad,232_REF,232_CRC,typ,True,0.8536785935308944,0.5549407072420316,7.7218122482299805,0.1314864456653595,2000,50,200,1033,5035,epoch=15-step=1440-vae_loss_validation=325.31201171875,97.0,1,232,22,0,0.8123409363745497,0.3,1.0,0.3,1.0,1.3143954125210282,0,0,0.8536785935308944,0.8123409363745497,0.3,1.0,0.3,1.0,1.3143954125210282,4007.7220978392747,0.8474677259185701,10000,96.88285810937573,103.3799234135834,12.563887157636653,16.64585661732639,8,Myeloid
0.1,0,200,T_cell,/data/ddimitrov/repos/cellina-reproducibility/data/crc_wt_cosmx/crc_232.h5ad,232_REF,232_CRC,typ,True,0.9413941328849132,0.12133875222855034,0.5402137637138367,0.008294832892715931,2000,50,200,1484,2793,epoch=66-step=6336-vae_loss_validation=321.99481201171875,80.4,0,0,0,0,0.7271548619447779,0.36,1.0,0.36,0.94,1.256371783330902,1,1,0.8353910783322651,0.7168787515006002,0.34,1.0,0.34,0.94,1.2454035661941025,6908.170917021457,0.9953455066237021,10000,103.45385517754978,111.82144496483575,12.398818728252744,15.05176091687035,8,T_cell
0.1,1,200,T_cell,/data/ddimitrov/repos/cellina-reproducibility/data/crc_wt_cosmx/crc_232.h5ad,232_REF,232_CRC,typ,True,0.947198616378802,0.19120316108861943,0.6076861619949341,0.009329508058726788,2000,50,200,1484,2793,epoch=58-step=5568-vae_loss_validation=323.8209228515625,65.5,1,0,0,0,0.7467466986794719,0.34,1.0,0.34,0.92,1.1367258375900018,1,1,0.848215338122484,0.7392557022809123,0.32,1.0,0.32,0.92,1.128246049974037,6824.630626516579,0.9953455066237021,10000,102.93080355968172,110.72683954389554,12.724429990410663,15.235253385198906,8,T_cell
0.1,2,200,T_cell,/data/ddimitrov/repos/cellina-reproducibility/data/crc_wt_cosmx/crc_232.h5ad,232_REF,232_CRC,typ,True,0.9537777304082455,0.12075201461717228,0.3733483850955963,0.005869084503501654,2000,50,200,1484,2793,epoch=69-step=6624-vae_loss_validation=322.8859558105469,65.7,0,0,0,0,0.7802641056422569,0.4,1.0,0.4,0.94,0.9746585303715268,1,1,0.8756953057279466,0.7759423769507803,0.4,1.0,0.4,0.94,0.9836438807822983,6862.640040571159,0.9953455066237021,10000,103.8869864793628,112.55043604696729,12.942363292384783,15.776335882563107,8,T_cell
0.1,3,200,T_cell,/data/ddimitrov/repos/cellina-reproducibility/data/crc_wt_cosmx/crc_232.h5ad,232_REF,232_CRC,typ,True,0.9356088980382554,0.1847801253295225,0.5307135581970215,0.007955708540976048,2000,50,200,1484,2793,epoch=93-step=8928-vae_loss_validation=321.1903991699219,67.5,1,0,0,0,0.7726770708283313,0.36,1.0,0.36,0.92,1.3734634922735804,1,1,0.8385610769520769,0.7575030012004801,0.34,1.0,0.34,0.92,1.3428524771343433,6759.806025792269,0.9942713927676334,10000,103.13680145709256,111.85527315795335,12.867459688870492,15.529803296878743,8,T_cell
0.1,4,200,T_cell,/data/ddimitrov/repos/cellina-reproducibility/data/crc_wt_cosmx/crc_232.h5ad,232_REF,232_CRC,typ,True,0.9472824111236984,0.22178820509789327,0.4665605127811432,0.007158386521041393,2000,50,200,1484,2793,epoch=99-step=9504-vae_loss_validation=320.9070739746094,68.8,0,0,0,0,0.7672989195678271,0.38,1.0,0.38,0.96,1.1328219891513527,1,1,0.873212025503955,0.7599039615846337,0.36,1.0,0.36,0.96,1.1177089974946666,6897.602288156676,0.9953455066237021,10000,103.4704529425813,112.72513697688461,13.13224871730983,15.755923144091128,8,T_cell
0.25,0,200,T_cell,/data/ddimitrov/repos/cellina-reproducibility/data/crc_wt_cosmx/crc_232.h5ad,232_REF,232_CRC,typ,True,0.9437171380164409,0.13194915256614306,1.5359150171279907,0.023387039080262184,2000,50,200,1484,2793,epoch=66-step=6336-vae_loss_validation=321.99481201171875,65.7,1,2,0,0,0.7647058823529412,0.38,1.0,0.38,0.96,1.2164201300982862,1,1,0.8516880758162116,0.7554861944777911,0.36,1.0,0.36,0.96,1.2056253694981987,6914.386092594446,0.9953455066237021,10000,103.77759754788659,112.30050877397157,12.45415281895502,15.138134964216585,8,T_cell
0.25,1,200,T_cell,/data/ddimitrov/repos/cellina-reproducibility/data/crc_wt_cosmx/crc_232.h5ad,232_REF,232_CRC,typ,True,0.9500630472250305,0.20161296975533646,1.6317479610443115,0.02454630844295025,2000,50,200,1484,2793,epoch=58-step=5568-vae_loss_validation=323.8209228515625,67.4,0,1,0,0,0.7516446578631452,0.34,1.0,0.34,0.94,1.0834609332693759,1,1,0.8683261916145917,0.7420408163265305,0.34,1.0,0.34,0.94,1.0759489208263793,6844.284753693372,0.9953455066237021,10000,103.15112109937999,111.35427039212887,12.753803233803836,15.261904072255149,8,T_cell
0.25,2,200,T_cell,/data/ddimitrov/repos/cellina-reproducibility/data/crc_wt_cosmx/crc_232.h5ad,232_REF,232_CRC,typ,True,0.9553865082214532,0.12955353230378247,1.118781566619873,0.016836896538734436,2000,50,200,1484,2793,epoch=69-step=6624-vae_loss_validation=322.8859558105469,69.7,1,0,0,0,0.7953421368547419,0.4,1.0,0.4,0.96,0.946002039795657,1,1,0.8858031212057041,0.7914045618247298,0.4,1.0,0.4,0.96,0.9555662391314108,6867.477097852154,0.9953455066237021,10000,104.21340117087728,112.05486677091938,12.821597448515783,15.813684576496366,8,T_cell
0.25,3,200,T_cell,/data/ddimitrov/repos/cellina-reproducibility/data/crc_wt_cosmx/crc_232.h5ad,232_REF,232_CRC,typ,True,0.9384643948758177,0.1709120670312088,1.5325356721878052,0.023063762113451958,2000,50,200,1484,2793,epoch=93-step=8928-vae_loss_validation=321.1903991699219,67.2,0,3,0,0,0.8084993997599039,0.36,1.0,0.36,0.92,1.3257796931912946,1,1,0.8611416842060493,0.7941896758703482,0.34,1.0,0.34,0.92,1.2951342597619748,6774.362690833016,0.9942713927676334,10000,103.18292960345052,111.53215356342396,12.768706024148576,15.586640279318981,8,T_cell
0.25,4,200,T_cell,/data/ddimitrov/repos/cellina-reproducibility/data/crc_wt_cosmx/crc_232.h5ad,232_REF,232_CRC,typ,True,0.9496094846393792,0.20755995973336705,1.440495252609253,0.021764181554317474,2000,50,200,1484,2793,epoch=99-step=9504-vae_loss_validation=320.9070739746094,67.3,1,1,0,0,0.7822809123649459,0.38,1.0,0.38,0.98,1.090799905517094,1,1,0.8863150041171846,0.7751740696278511,0.36,1.0,0.36,0.98,1.0767467602023144,6904.31330334446,0.9953455066237021,10000,103.81523736561076,112.32004459726497,12.99337980643827,15.817246712316589,8,T_cell
0.5,0,200,T_cell,/data/ddimitrov/repos/cellina-reproducibility/data/crc_wt_cosmx/crc_232.h5ad,232_REF,232_CRC,typ,True,0.9494477118262935,0.15680532976896208,3.9037959575653076,0.05906037241220474,2000,50,200,1484,2793,epoch=66-step=6336-vae_loss_validation=321.99481201171875,68.5,0,39,5,0,0.7962064825930372,0.36,1.0,0.36,1.0,1.1130352999015967,1,1,0.878971715159699,0.7858343337334933,0.34,1.0,0.34,1.0,1.1021707187030372,6902.4403694082375,0.9953455066237021,10000,103.13416774152533,111.59735524502226,12.407904411639372,15.012279817514663,8,T_cell
0.5,1,200,T_cell,/data/ddimitrov/repos/cellina-reproducibility/data/crc_wt_cosmx/crc_232.h5ad,232_REF,232_CRC,typ,True,0.956111535354258,0.19934902193146822,3.950270414352417,0.0582798607647419,2000,50,200,1484,2793,epoch=58-step=5568-vae_loss_validation=323.8209228515625,67.0,1,39,6,0,0.7785354141656662,0.4,1.0,0.4,0.98,0.9693264489586874,1,1,0.9000776003751394,0.767779111644658,0.4,1.0,0.4,0.98,0.9625883275942299,6857.397418134446,0.9953455066237021,10000,102.8852329016488,111.10902117903352,12.81873582148368,15.221796424513277,8,T_cell
0.5,2,200,T_cell,/data/ddimitrov/repos/cellina-reproducibility/data/crc_wt_cosmx/crc_232.h5ad,232_REF,232_CRC,typ,True,0.9583095644154469,0.14397858701409233,2.713860273361206,0.0401584655046463,2000,50,200,1484,2793,epoch=69-step=6624-vae_loss_validation=322.8859558105469,70.2,0,20,0,0,0.8077310924369748,0.4,1.0,0.4,0.98,0.8933454484860484,1,1,0.9009473530993215,0.8064825930372149,0.38,1.0,0.38,0.98,0.9033217150275624,6868.271493364262,0.9953455066237021,10000,104.0082994462783,111.89974382167846,13.007514177726486,15.777304273437903,8,T_cell
0.5,3,200,T_cell,/data/ddimitrov/repos/cellina-reproducibility/data/crc_wt_cosmx/crc_232.h5ad,232_REF,232_CRC,typ,True,0.9450249043961731,0.18480754756783913,3.9684319496154785,0.059723272919654846,2000,50,200,1484,2793,epoch=93-step=8928-vae_loss_validation=321.1903991699219,68.5,1,40,7,0,0.8347178871548621,0.34,1.0,0.34,0.96,1.212050686949057,1,1,0.8927086374912991,0.8233853541416566,0.34,1.0,0.34,0.96,1.1806371853722497,6786.2814329407865,0.9942713927676334,10000,102.46365697253448,111.49783122186341,12.757217096009144,15.59298179704279,8,T_cell
0.5,4,200,T_cell,/data/ddimitrov/repos/cellina-reproducibility/data/crc_wt_cosmx/crc_232.h5ad,232_REF,232_CRC,typ,True,0.9547803091881233,0.20243053959514212,3.959674119949341,0.05981873348355293,2000,50,200,1484,2793,epoch=99-step=9504-vae_loss_validation=320.9070739746094,65.4,0,43,7,0,0.7793037214885953,0.4,1.0,0.4,1.0,0.9945785404423583,1,1,0.9038382462104835,0.7704681872749098,0.38,1.0,0.38,1.0,0.9813644860820672,6889.875104318754,0.9953455066237021,10000,103.47969540532775,111.97661671555079,13.060242302221653,15.752997437917951,8,T_cell
0.75,0,200,T_cell,/data/ddimitrov/repos/cellina-reproducibility/data/crc_wt_cosmx/crc_232.h5ad,232_REF,232_CRC,typ,True,0.9534878438028317,0.18250786138664135,6.350526332855225,0.09548737853765488,2000,50,200,1484,2793,epoch=66-step=6336-vae_loss_validation=321.99481201171875,69.9,1,97,24,4,0.7985114045618247,0.36,1.0,0.36,1.0,1.025871442897767,1,1,0.8759698236742288,0.7919807923169268,0.36,1.0,0.36,1.0,1.0159469053559578,6869.099840685564,0.9953455066237021,10000,103.08501767613829,111.84220801100375,12.523088618907181,15.178772932792143,8,T_cell
0.75,1,200,T_cell,/data/ddimitrov/repos/cellina-reproducibility/data/crc_wt_cosmx/crc_232.h5ad,232_REF,232_CRC,typ,True,0.9609116939440904,0.2066227212613706,6.510198593139648,0.09436161071062088,2000,50,200,1484,2793,epoch=58-step=5568-vae_loss_validation=323.8209228515625,69.5,0,101,30,3,0.803985594237695,0.42,1.0,0.42,0.98,0.8693161372723456,1,1,0.9059641793549198,0.7968787515006002,0.4,1.0,0.4,0.98,0.8626275094539723,6841.944870716619,0.9949874686716792,10000,102.8161826845882,111.03199323473021,12.959923941958568,15.533914691069933,8,T_cell
0.75,2,200,T_cell,/data/ddimitrov/repos/cellina-reproducibility/data/crc_wt_cosmx/crc_232.h5ad,232_REF,232_CRC,typ,True,0.9615197918563378,0.15828415519086342,4.518645763397217,0.06584466248750687,2000,50,200,1484,2793,epoch=69-step=6624-vae_loss_validation=322.8859558105469,66.9,1,51,12,0,0.8137815126050421,0.36,1.0,0.36,0.98,0.8328012397772908,1,1,0.9104920141043565,0.8126290516206482,0.34,1.0,0.34,0.98,0.841672455686614,6858.577345366788,0.9953455066237021,10000,103.65977573608139,112.25818556369487,12.902748713349387,15.900699598312775,8,T_cell
0.75,3,200,T_cell,/data/ddimitrov/repos/cellina-reproducibility/data/crc_wt_cosmx/crc_232.h5ad,232_REF,232_CRC,typ,True,0.9502316990634045,0.19676684911460712,6.783857822418213,0.10107067972421646,2000,50,200,1484,2793,epoch=93-step=8928-vae_loss_validation=321.1903991699219,67.9,0,110,27,3,0.8299159663865545,0.28,1.0,0.28,0.96,1.1094842828913065,1,1,0.8843223787455856,0.8198319327731092,0.28,1.0,0.28,0.96,1.0776382384481145,6761.290043772285,0.9953455066237021,10000,102.68957434230182,110.61121333409184,12.898194717316443,15.602502521426391,8,T_cell
0.75,4,200,T_cell,/data/ddimitrov/repos/cellina-reproducibility/data/crc_wt_cosmx/crc_232.h5ad,232_REF,232_CRC,typ,True,0.9582418083407334,0.21686311573153796,6.797379970550537,0.10265125334262848,2000,50,200,1484,2793,epoch=99-step=9504-vae_loss_validation=320.9070739746094,66.1,1,123,31,3,0.7819927971188475,0.32,1.0,0.32,1.0,0.9167710382995495,1,1,0.8922950774314753,0.7716206482593035,0.32,1.0,0.32,1.0,0.9042204446609433,6846.300829717272,0.9953455066237021,10000,103.22903769390157,110.88048466465573,12.970479435388711,15.632353315110596,8,T_cell
1.0,0,200,T_cell,/data/ddimitrov/repos/cellina-reproducibility/data/crc_wt_cosmx/crc_232.h5ad,232_REF,232_CRC,typ,True,0.954759862987119,0.20158757627289423,7.987701416015625,0.11939698457717896,2000,50,200,1484,2793,epoch=66-step=6336-vae_loss_validation=321.99481201171875,68.0,0,181,41,5,0.8051380552220888,0.3,1.0,0.3,1.0,0.9848226881447039,1,1,0.8608136801663002,0.7980312124849939,0.28,1.0,0.28,1.0,0.9760945878879939,6841.8019137287165,0.9953455066237021,10000,103.08984611008434,110.64140414192043,12.580332496978365,15.251093881545026,8,T_cell
1.0,1,200,T_cell,/data/ddimitrov/repos/cellina-reproducibility/data/crc_wt_cosmx/crc_232.h5ad,232_REF,232_CRC,typ,True,0.9627204486918407,0.21281109730202188,8.531293869018555,0.12273620814085007,2000,50,200,1484,2793,epoch=58-step=5568-vae_loss_validation=323.8209228515625,69.3,1,197,47,8,0.8012004801920769,0.42,1.0,0.42,0.98,0.8209068363571892,1,1,0.8934610776519899,0.7941896758703482,0.4,1.0,0.4,0.98,0.8140169048893797,6808.939958102126,0.9957035445757251,10000,102.3349988157852,110.95203663975424,13.211640688958687,15.469289573071725,8,T_cell
1.0,2,200,T_cell,/data/ddimitrov/repos/cellina-reproducibility/data/crc_wt_cosmx/crc_232.h5ad,232_REF,232_CRC,typ,True,0.963432052491992,0.17510501103102372,6.190133094787598,0.0912284255027771,2000,50,200,1484,2793,epoch=69-step=6624-vae_loss_validation=322.8859558105469,70.1,0,95,26,1,0.8283793517406962,0.36,1.0,0.36,0.96,0.7920163589257769,1,1,0.9097848597921437,0.8258823529411765,0.34,1.0,0.34,0.96,0.7985090213720936,6839.673160114146,0.9953455066237021,10000,103.33575894683295,111.98169053475279,13.01290508847774,15.916894173167142,8,T_cell
1.0,3,200,T_cell,/data/ddimitrov/repos/cellina-reproducibility/data/crc_wt_cosmx/crc_232.h5ad,232_REF,232_CRC,typ,True,0.9524107637775597,0.21537084662395248,9.201010704040527,0.1373472660779953,2000,50,200,1484,2793,epoch=93-step=8928-vae_loss_validation=321.1903991699219,70.9,1,237,57,7,0.828859543817527,0.3,1.0,0.3,0.96,1.048496091571328,1,1,0.8551052600288902,0.8156062424969988,0.28,1.0,0.28,0.96,1.0175957073382156,6712.385647288163,0.9949874686716792,10000,102.28920517534391,110.74068929652621,12.940520882920174,15.528826797755162,8,T_cell
1.0,4,200,T_cell,/data/ddimitrov/repos/cellina-reproducibility/data/crc_wt_cosmx/crc_232.h5ad,232_REF,232_CRC,typ,True,0.958922368114248,0.23834412279464243,8.981226921081543,0.13651058077812195,2000,50,200,1484,2793,epoch=99-step=9504-vae_loss_validation=320.9070739746094,67.1,0,241,57,6,0.7775750300120047,0.32,1.0,0.32,1.0,0.8828151781186548,1,1,0.8690482277662237,0.7661464585834334,0.32,1.0,0.32,1.0,0.8717325690161918,6807.740956787139,0.9953455066237021,10000,102.77469686099752,111.55114248200732,13.328663795934744,15.829915634856226,8,T_cell
