KO,type,baseline,Pearson,Precision,E-distance,RMSE_LFC,seed,model
MAP2K2,full,terra-lora-ep5,-0.17580753564834595,0.6,1.9121025256469697,0.8079573512077332,0,terra
MAP2K2,KO-specific,terra-lora-ep5,-0.16778522729873657,0.6,1.957078941115472,0.7387630939483643,0,terra
IRAK1,full,terra-lora-ep5,-0.06970363110303879,0.4,2.238364092017508,0.6883178353309631,0,terra
IRAK1,KO-specific,terra-lora-ep5,0.2848066985607147,0.7,2.189471220987409,0.43365609645843506,0,terra
IRF7,full,terra-lora-ep5,0.637787401676178,0.7,1.790035041444589,0.48395979404449463,0,terra
IRF7,KO-specific,terra-lora-ep5,0.7520142793655396,0.9,1.7088436018140023,0.2325623780488968,0,terra
PELI1,full,terra-lora-ep5,0.17705686390399933,0.6,1.6426936763741984,0.5229639410972595,0,terra
PELI1,KO-specific,terra-lora-ep5,0.07714665681123734,0.6,1.6390014006642637,0.4713895916938782,0,terra
IRF3,full,terra-lora-ep5,0.08185406029224396,0.4,1.6054873713648359,0.5603617429733276,0,terra
IRF3,KO-specific,terra-lora-ep5,0.1590558886528015,0.5,1.6914037383603486,0.37163740396499634,0,terra
IRF5,full,terra-lora-ep5,-0.14081242680549622,0.5,1.5378712204693827,0.519524097442627,0,terra
IRF5,KO-specific,terra-lora-ep5,-0.08232000470161438,0.4,1.498967789182311,0.38284072279930115,0,terra
NFKBIA,full,terra-lora-ep5,0.3192194700241089,0.5,1.7702513906674153,0.610356330871582,0,terra
NFKBIA,KO-specific,terra-lora-ep5,0.25127267837524414,0.5,1.7352956853936905,0.4712064266204834,0,terra
LBP,full,terra-lora-ep5,0.2957581579685211,0.5,1.887614338205817,0.4956875443458557,0,terra
LBP,KO-specific,terra-lora-ep5,0.06542721390724182,0.7,1.8838185319779677,0.3170751929283142,0,terra
MAP2K3,full,terra-lora-ep5,-0.12317065894603729,0.4,1.8496340189402705,0.6379913091659546,0,terra
MAP2K3,KO-specific,terra-lora-ep5,-0.026153145357966423,0.3,1.8940441058413895,0.42904356122016907,0,terra
MAP2K2,full,terra-lora-ep5-random,-0.6342684030532837,0.26,1.988921793565408,0.8508755564689636,0,terra
MAP2K2,KO-specific,terra-lora-ep5-random,-0.7260252237319946,0.22000000000000003,2.0167867015779395,0.7818363904953003,0,terra
IRAK1,full,terra-lora-ep5-random,-0.2585470378398895,0.31999999999999995,2.167296676016048,0.7756521701812744,0,terra
IRAK1,KO-specific,terra-lora-ep5-random,0.15073998272418976,0.62,2.210804620166802,0.47859764099121094,0,terra
IRF7,full,terra-lora-ep5-random,0.5773334503173828,0.6799999999999999,1.7884955690981765,0.5129426121711731,0,terra
IRF7,KO-specific,terra-lora-ep5-random,0.7762513756752014,0.8400000000000001,1.7968567515147686,0.23644253611564636,0,terra
PELI1,full,terra-lora-ep5-random,-0.0712314248085022,0.48,1.6935914825428493,0.584663450717926,0,terra
PELI1,KO-specific,terra-lora-ep5-random,-0.13518154621124268,0.4600000000000001,1.728221079261255,0.5233207941055298,0,terra
IRF3,full,terra-lora-ep5-random,-0.08489499986171722,0.5,1.7491487175466507,0.6259790062904358,0,terra
IRF3,KO-specific,terra-lora-ep5-random,0.14595936238765717,0.5599999999999999,1.7235992508640954,0.3988913893699646,0,terra
IRF5,full,terra-lora-ep5-random,-0.230210542678833,0.42000000000000004,1.5837567195306193,0.5327728390693665,0,terra
IRF5,KO-specific,terra-lora-ep5-random,-0.11375673115253448,0.44000000000000006,1.5621703914678413,0.38534948229789734,0,terra
NFKBIA,full,terra-lora-ep5-random,0.23766741156578064,0.54,1.6876999731316231,0.6263235211372375,0,terra
NFKBIA,KO-specific,terra-lora-ep5-random,0.15764379501342773,0.5,1.6931560571176711,0.4922928810119629,0,terra
LBP,full,terra-lora-ep5-random,0.31183451414108276,0.5800000000000001,1.902160825780347,0.5052628517150879,0,terra
LBP,KO-specific,terra-lora-ep5-random,0.1394362598657608,0.68,1.934628266315448,0.3104575574398041,0,terra
MAP2K3,full,terra-lora-ep5-random,-0.028798460960388184,0.4600000000000001,1.8576895049092799,0.6203463673591614,0,terra
MAP2K3,KO-specific,terra-lora-ep5-random,-0.07531651109457016,0.45999999999999996,1.8530836241078394,0.4450851082801819,0,terra
MAP2K2,full,terra-lora-ep5,0.7359669804573059,0.8,1.7451796624729272,0.6410453915596008,1,terra
MAP2K2,KO-specific,terra-lora-ep5,0.607726514339447,0.8,1.7977380220815813,0.6001090407371521,1,terra
IRAK1,full,terra-lora-ep5,-0.1144774779677391,0.3,2.245773073278559,0.7009570002555847,1,terra
IRAK1,KO-specific,terra-lora-ep5,0.3434777557849884,0.6,2.1672453250299464,0.4214435815811157,1,terra
IRF7,full,terra-lora-ep5,-0.050356388092041016,0.4,1.8037466039764554,0.5835275650024414,1,terra
IRF7,KO-specific,terra-lora-ep5,-0.15704360604286194,0.3,1.7097749615083842,0.4863252639770508,1,terra
PELI1,full,terra-lora-ep5,-0.02808395028114319,0.5,1.6926279968410984,0.5711976289749146,1,terra
PELI1,KO-specific,terra-lora-ep5,0.03543362766504288,0.3,1.638895125650884,0.4971286654472351,1,terra
IRF3,full,terra-lora-ep5,-0.3354847729206085,0.3,1.8218237272793065,0.6474215984344482,1,terra
IRF3,KO-specific,terra-lora-ep5,-0.3690904378890991,0.4,1.7492014287760669,0.4403967261314392,1,terra
IRF5,full,terra-lora-ep5,0.3396838903427124,0.6,1.5553419414003264,0.4290293753147125,1,terra
IRF5,KO-specific,terra-lora-ep5,-0.0702165961265564,0.4,1.517966043276553,0.4491386115550995,1,terra
NFKBIA,full,terra-lora-ep5,-0.3752048909664154,0.7,1.7244708697671587,0.8149307370185852,1,terra
NFKBIA,KO-specific,terra-lora-ep5,-0.46002474427223206,0.5,1.7336918104253995,0.7183787226676941,1,terra
LBP,full,terra-lora-ep5,0.15096017718315125,0.5,1.9190258395662543,0.46456456184387207,1,terra
LBP,KO-specific,terra-lora-ep5,-0.4303146004676819,0.3,1.9491293273712713,0.5080215334892273,1,terra
MAP2K3,full,terra-lora-ep5,-0.24262985587120056,0.4,1.8505522577322082,0.7165887355804443,1,terra
MAP2K3,KO-specific,terra-lora-ep5,0.00021292082965373993,0.6,1.8124688669274545,0.47957009077072144,1,terra
MAP2K2,full,terra-lora-ep5-random,0.6239186525344849,0.76,1.844603051299917,0.6849116683006287,1,terra
MAP2K2,KO-specific,terra-lora-ep5-random,0.43138211965560913,0.74,1.8312836952845846,0.6459599733352661,1,terra
IRAK1,full,terra-lora-ep5-random,-0.07528887689113617,0.38,2.190984525052325,0.7201015949249268,1,terra
IRAK1,KO-specific,terra-lora-ep5-random,0.43634551763534546,0.62,2.1882961049097736,0.4058549404144287,1,terra
IRF7,full,terra-lora-ep5-random,-0.11225360631942749,0.42000000000000004,1.719060763720303,0.6095782518386841,1,terra
IRF7,KO-specific,terra-lora-ep5-random,-0.16450926661491394,0.4,1.7469657857665382,0.4710695147514343,1,terra
PELI1,full,terra-lora-ep5-random,-0.1865670382976532,0.34,1.6198244609824368,0.6094805002212524,1,terra
PELI1,KO-specific,terra-lora-ep5-random,-0.05356971174478531,0.3,1.6591638495873582,0.5272530317306519,1,terra
IRF3,full,terra-lora-ep5-random,-0.34632787108421326,0.36,1.7116926022351482,0.6909292936325073,1,terra
IRF3,KO-specific,terra-lora-ep5-random,-0.3473218083381653,0.36,1.6847259661345764,0.4697411060333252,1,terra
IRF5,full,terra-lora-ep5-random,0.3854612410068512,0.6000000000000001,1.4713255493676978,0.421854168176651,1,terra
IRF5,KO-specific,terra-lora-ep5-random,-0.05506749823689461,0.4,1.539753470910652,0.46591073274612427,1,terra
NFKBIA,full,terra-lora-ep5-random,-0.38517671823501587,0.6799999999999999,1.7120728538938272,0.8154581785202026,1,terra
NFKBIA,KO-specific,terra-lora-ep5-random,-0.454313188791275,0.48,1.70816531221146,0.7259951829910278,1,terra
LBP,full,terra-lora-ep5-random,0.21753153204917908,0.52,1.892466891182482,0.46184244751930237,1,terra
LBP,KO-specific,terra-lora-ep5-random,-0.428429514169693,0.3,1.8820707263416527,0.4995811879634857,1,terra
MAP2K3,full,terra-lora-ep5-random,-0.30622124671936035,0.42000000000000004,1.788100149804072,0.7474499940872192,1,terra
MAP2K3,KO-specific,terra-lora-ep5-random,-0.26496726274490356,0.58,1.8663855134192455,0.5341602563858032,1,terra
MAP2K2,full,terra-lora-ep5,-0.1296008974313736,0.7,1.5673288614713397,0.801652193069458,2,terra
MAP2K2,KO-specific,terra-lora-ep5,-0.414061963558197,0.6,1.567966698370156,0.7865735292434692,2,terra
IRAK1,full,terra-lora-ep5,-0.17214256525039673,0.4,1.9020107984350418,0.7344412207603455,2,terra
IRAK1,KO-specific,terra-lora-ep5,0.03130355477333069,0.6,1.9234936531247673,0.48208701610565186,2,terra
IRF7,full,terra-lora-ep5,0.28851550817489624,0.5,1.6212195641517013,0.547360360622406,2,terra
IRF7,KO-specific,terra-lora-ep5,0.05577121675014496,0.6,1.5803888882467676,0.45744407176971436,2,terra
PELI1,full,terra-lora-ep5,0.12307917326688766,0.5,1.593275973974335,0.5509193539619446,2,terra
PELI1,KO-specific,terra-lora-ep5,0.24926486611366272,0.6,1.567269157374756,0.46052294969558716,2,terra
IRF3,full,terra-lora-ep5,0.7273512482643127,0.8,1.6654565699535084,0.3865199089050293,2,terra
IRF3,KO-specific,terra-lora-ep5,0.1580684930086136,0.6,1.6680022094561138,0.3654691278934479,2,terra
IRF5,full,terra-lora-ep5,0.38981860876083374,0.6,1.477305577263716,0.38596436381340027,2,terra
IRF5,KO-specific,terra-lora-ep5,0.3674072325229645,0.6,1.5291330238074055,0.3236975371837616,2,terra
NFKBIA,full,terra-lora-ep5,-0.052793629467487335,0.5,1.7160342444671222,0.6771254539489746,2,terra
NFKBIA,KO-specific,terra-lora-ep5,-0.355160653591156,0.4,1.7282532834166076,0.5686051249504089,2,terra
LBP,full,terra-lora-ep5,0.1596924513578415,0.4,1.7960016542915902,0.5092639327049255,2,terra
LBP,KO-specific,terra-lora-ep5,-0.294420450925827,0.4,1.7519326055384021,0.43143001198768616,2,terra
MAP2K3,full,terra-lora-ep5,0.18866589665412903,0.6,1.4872813165540744,0.5852624177932739,2,terra
MAP2K3,KO-specific,terra-lora-ep5,0.5601329803466797,0.8,1.6223886800460725,0.3409478962421417,2,terra
MAP2K2,full,terra-lora-ep5-random,-0.14045479893684387,0.54,1.638588281960565,0.7989538311958313,2,terra
MAP2K2,KO-specific,terra-lora-ep5-random,-0.4588724672794342,0.44000000000000006,1.6349428572605156,0.7985594868659973,2,terra
IRAK1,full,terra-lora-ep5-random,-0.2182721346616745,0.4,1.9513122539722592,0.7224541306495667,2,terra
IRAK1,KO-specific,terra-lora-ep5-random,0.019793272018432617,0.6,1.937695306491123,0.47633999586105347,2,terra
IRF7,full,terra-lora-ep5-random,0.2878877520561218,0.5,1.5731236853524986,0.5423330664634705,2,terra
IRF7,KO-specific,terra-lora-ep5-random,0.00818350538611412,0.52,1.5531628532673838,0.4446331560611725,2,terra
PELI1,full,terra-lora-ep5-random,0.14342311024665833,0.48,1.5452145834559843,0.5566705465316772,2,terra
PELI1,KO-specific,terra-lora-ep5-random,0.27652668952941895,0.6,1.5726791323569997,0.4796164631843567,2,terra
IRF3,full,terra-lora-ep5-random,0.7121143937110901,0.9,1.5864188037098665,0.42128628492355347,2,terra
IRF3,KO-specific,terra-lora-ep5-random,0.0919995903968811,0.6399999999999999,1.5639369036657444,0.3732765018939972,2,terra
IRF5,full,terra-lora-ep5-random,0.21854130923748016,0.6,1.471552758351436,0.4175509512424469,2,terra
IRF5,KO-specific,terra-lora-ep5-random,0.3121190071105957,0.6,1.479639823885042,0.33284682035446167,2,terra
NFKBIA,full,terra-lora-ep5-random,-0.1124548465013504,0.4,1.7118014292256358,0.6810580492019653,2,terra
NFKBIA,KO-specific,terra-lora-ep5-random,-0.4620017111301422,0.28,1.750987150521114,0.5762721300125122,2,terra
LBP,full,terra-lora-ep5-random,0.21424441039562225,0.5,1.7179694039335511,0.5041911005973816,2,terra
LBP,KO-specific,terra-lora-ep5-random,-0.19018864631652832,0.4,1.6824040797082371,0.4113389849662781,2,terra
MAP2K3,full,terra-lora-ep5-random,0.2616216540336609,0.6,1.6491608823154966,0.5664240717887878,2,terra
MAP2K3,KO-specific,terra-lora-ep5-random,0.6045612096786499,0.7,1.5635470025934817,0.3152046203613281,2,terra
MAP2K2,full,terra-lora-ep5,0.5283611416816711,0.9,1.7650487113699946,0.6839945316314697,3,terra
MAP2K2,KO-specific,terra-lora-ep5,0.744430422782898,1.0,1.6996459773692187,0.542356014251709,3,terra
IRAK1,full,terra-lora-ep5,0.10238204151391983,0.5,2.1237079755197588,0.6149081587791443,3,terra
IRAK1,KO-specific,terra-lora-ep5,0.5318201184272766,0.8,2.154751603759391,0.4113232493400574,3,terra
IRF7,full,terra-lora-ep5,0.5636497139930725,0.6,1.7389100010207037,0.47922012209892273,3,terra
IRF7,KO-specific,terra-lora-ep5,0.37502333521842957,0.6,1.7721733218127316,0.33391356468200684,3,terra
PELI1,full,terra-lora-ep5,0.006828479468822479,0.7,1.6915774519533702,0.5352975130081177,3,terra
PELI1,KO-specific,terra-lora-ep5,-0.19588974118232727,0.6,1.6975065767316813,0.5190927386283875,3,terra
IRF3,full,terra-lora-ep5,-0.26843783259391785,0.4,1.8178439035826854,0.5451874732971191,3,terra
IRF3,KO-specific,terra-lora-ep5,-0.4567238688468933,0.3,1.7130239301567152,0.41665393114089966,3,terra
IRF5,full,terra-lora-ep5,0.38933902978897095,0.5,1.5631683304817412,0.40483933687210083,3,terra
IRF5,KO-specific,terra-lora-ep5,-0.07273051887750626,0.4,1.5986889949558287,0.3673988878726959,3,terra
NFKBIA,full,terra-lora-ep5,-0.18341302871704102,0.4,1.700028121157318,0.7737392783164978,3,terra
NFKBIA,KO-specific,terra-lora-ep5,-0.24233651161193848,0.4,1.6929093057188846,0.5811065435409546,3,terra
LBP,full,terra-lora-ep5,0.4337030351161957,0.6,1.8934693238164257,0.3891012668609619,3,terra
LBP,KO-specific,terra-lora-ep5,-0.13394397497177124,0.4,1.833525484521775,0.4111419916152954,3,terra
MAP2K3,full,terra-lora-ep5,-0.39035627245903015,0.5,1.8127302668887673,0.7522346377372742,3,terra
MAP2K3,KO-specific,terra-lora-ep5,-0.4879233241081238,0.3,1.6442273522635875,0.591921865940094,3,terra
MAP2K2,full,terra-lora-ep5-random,0.4740050733089447,0.74,1.8649531856643828,0.7037542462348938,3,terra
MAP2K2,KO-specific,terra-lora-ep5-random,0.623903214931488,0.8,1.883927644149568,0.5966822504997253,3,terra
IRAK1,full,terra-lora-ep5-random,-0.1584504246711731,0.4,2.187131690128377,0.661103367805481,3,terra
IRAK1,KO-specific,terra-lora-ep5-random,0.30169954895973206,0.54,2.1545903335222247,0.4366603493690491,3,terra
IRF7,full,terra-lora-ep5-random,0.4387695789337158,0.6,1.8127849258968207,0.4873221516609192,3,terra
IRF7,KO-specific,terra-lora-ep5-random,0.336241751909256,0.6,1.7419212223632297,0.3373787999153137,3,terra
PELI1,full,terra-lora-ep5-random,-0.22510787844657898,0.56,1.6610982557302147,0.5729441046714783,3,terra
PELI1,KO-specific,terra-lora-ep5-random,-0.3197941184043884,0.36,1.6477309938839,0.5498393177986145,3,terra
IRF3,full,terra-lora-ep5-random,-0.39567211270332336,0.3,1.7903421272253321,0.5763081908226013,3,terra
IRF3,KO-specific,terra-lora-ep5-random,-0.3751376271247864,0.26,1.7721698223501037,0.4010991156101227,3,terra
IRF5,full,terra-lora-ep5-random,0.32281064987182617,0.5,1.5497157713097134,0.4272892475128174,3,terra
IRF5,KO-specific,terra-lora-ep5-random,-0.03433527424931526,0.44000000000000006,1.5458689259917218,0.36866819858551025,3,terra
NFKBIA,full,terra-lora-ep5-random,-0.2169182300567627,0.38,1.7264955949888257,0.7692693471908569,3,terra
NFKBIA,KO-specific,terra-lora-ep5-random,-0.26719334721565247,0.38,1.6945155902863374,0.5962275862693787,3,terra
LBP,full,terra-lora-ep5-random,0.3443039059638977,0.6,1.8079225185859165,0.4039827883243561,3,terra
LBP,KO-specific,terra-lora-ep5-random,-0.12852072715759277,0.43999999999999995,1.7869442913391342,0.39848119020462036,3,terra
MAP2K3,full,terra-lora-ep5-random,-0.34346574544906616,0.5,1.7773319905724407,0.720373272895813,3,terra
MAP2K3,KO-specific,terra-lora-ep5-random,-0.606411337852478,0.26,1.7554910368020362,0.5778781771659851,3,terra
MAP2K2,full,terra-lora-ep5,0.4966685473918915,0.7,1.433719491020832,0.6806730628013611,4,terra
MAP2K2,KO-specific,terra-lora-ep5,0.4471735656261444,0.7,1.4908327651481028,0.6278891563415527,4,terra
IRAK1,full,terra-lora-ep5,0.44446516036987305,0.6,1.9484092712335497,0.585675060749054,4,terra
IRAK1,KO-specific,terra-lora-ep5,0.20844677090644836,0.5,1.975025796339316,0.45413854718208313,4,terra
IRF7,full,terra-lora-ep5,0.16754987835884094,0.4,1.497312329991292,0.5474749207496643,4,terra
IRF7,KO-specific,terra-lora-ep5,-0.14197176694869995,0.3,1.6065058961439997,0.3977474272251129,4,terra
PELI1,full,terra-lora-ep5,-0.3829318881034851,0.5,1.3842965912702685,0.6190001964569092,4,terra
PELI1,KO-specific,terra-lora-ep5,-0.2764953076839447,0.6,1.392670039500405,0.537522554397583,4,terra
IRF3,full,terra-lora-ep5,0.09853518754243851,0.5,1.5846418892981813,0.4843765199184418,4,terra
IRF3,KO-specific,terra-lora-ep5,-0.5996752381324768,0.3,1.4549790978016497,0.4141123294830322,4,terra
IRF5,full,terra-lora-ep5,0.666677713394165,0.7,1.356563608876168,0.32581835985183716,4,terra
IRF5,KO-specific,terra-lora-ep5,0.11249662190675735,0.5,1.3843568130537252,0.38442838191986084,4,terra
NFKBIA,full,terra-lora-ep5,0.7890235185623169,0.9,1.548233850649294,0.4649823307991028,4,terra
NFKBIA,KO-specific,terra-lora-ep5,0.6732335686683655,0.8,1.5251191650263947,0.3882943093776703,4,terra
LBP,full,terra-lora-ep5,0.1519159972667694,0.6,1.6767382119741363,0.43552473187446594,4,terra
LBP,KO-specific,terra-lora-ep5,-0.3794848322868347,0.4,1.6177779322619834,0.44665786623954773,4,terra
MAP2K3,full,terra-lora-ep5,0.5130990743637085,0.8,1.4017438049340332,0.5218868851661682,4,terra
MAP2K3,KO-specific,terra-lora-ep5,0.11209207773208618,0.5,1.4663359420489643,0.4242262840270996,4,terra
MAP2K2,full,terra-lora-ep5-random,0.3604873716831207,0.6599999999999999,1.4861059501467144,0.7239077687263489,4,terra
MAP2K2,KO-specific,terra-lora-ep5-random,0.3241402804851532,0.6599999999999999,1.4886706721063727,0.6655732989311218,4,terra
IRAK1,full,terra-lora-ep5-random,0.30346864461898804,0.62,1.9420031468733043,0.6135728359222412,4,terra
IRAK1,KO-specific,terra-lora-ep5-random,0.07752370089292526,0.5800000000000001,1.948987243297065,0.48559826612472534,4,terra
IRF7,full,terra-lora-ep5-random,0.2118041068315506,0.42000000000000004,1.5383660996484911,0.5385024547576904,4,terra
IRF7,KO-specific,terra-lora-ep5-random,-0.09555105865001678,0.32,1.5287983580376105,0.40647974610328674,4,terra
PELI1,full,terra-lora-ep5-random,-0.4123604893684387,0.48,1.3552695239525228,0.6069148778915405,4,terra
PELI1,KO-specific,terra-lora-ep5-random,-0.4182877540588379,0.45999999999999996,1.3493314135684897,0.5375609397888184,4,terra
IRF3,full,terra-lora-ep5-random,0.11260159313678741,0.41999999999999993,1.5448963755151497,0.4963985085487366,4,terra
IRF3,KO-specific,terra-lora-ep5-random,-0.5634097456932068,0.36000000000000004,1.560255749942253,0.4382987916469574,4,terra
IRF5,full,terra-lora-ep5-random,0.6138454675674438,0.7,1.3946049408591619,0.3427017629146576,4,terra
IRF5,KO-specific,terra-lora-ep5-random,0.1082606315612793,0.54,1.3813996474212806,0.3906545639038086,4,terra
NFKBIA,full,terra-lora-ep5-random,0.802885890007019,0.9,1.520386906002522,0.4676646292209625,4,terra
NFKBIA,KO-specific,terra-lora-ep5-random,0.6059946417808533,0.8,1.5216940126697955,0.41142788529396057,4,terra
LBP,full,terra-lora-ep5-random,0.1095605120062828,0.7,1.6024336776488777,0.44328051805496216,4,terra
LBP,KO-specific,terra-lora-ep5-random,-0.40790849924087524,0.4,1.5813403914049453,0.4345178008079529,4,terra
MAP2K3,full,terra-lora-ep5-random,0.5689717531204224,0.7200000000000001,1.4814162651464213,0.5197457671165466,4,terra
MAP2K3,KO-specific,terra-lora-ep5-random,-0.0028360411524772644,0.5,1.5060773326667822,0.4414582848548889,4,terra
