dataset_name,sid,control_domain,target_domain,n_deg,model_name,holdout_celltype,spearman,pearson,precision,direction_match,direction_match_k,direction_match_gt,mixing_index,edistance_global,edistance_local,edistance_pca_log,edistance_pca,rmse,mse_lfc,top_n_perturb,nb_deviance
crc,crc_232,REF,CRC,50,spatialprop,Endothelial,0.45661464585834327,0.41325095,0.0,0.0,0.0,0.56,0.8622346816179415,34.58509902954101,40.18315811157227,36.67247276306152,1222.9661865234375,9618.909,54.721397,200,8.52745740012746
crc,crc_232,REF,CRC,50,spatialprop,Epithelial,0.07188475390156063,0.17257535,0.0,0.0,0.0,0.62,0.5855730325035504,24.87723159790039,32.09753189086914,32.61231689453125,3668.43076171875,65100.73,105.85816,200,21.883231534019213
crc,crc_232,REF,CRC,50,spatialprop,Fibroblast,0.6504201680672268,0.48667592,0.0,0.0,0.0,0.56,0.49287267455907224,24.528416252136232,35.468218612670896,32.00494022369385,1494.0321044921875,38281.58,65.35358,200,7.321987823788102
crc,crc_232,REF,CRC,50,spatialprop,Myeloid,0.5374789915966387,0.5184057,0.0,0.0,0.0,0.74,0.9990069513406157,26.60330448150635,37.65446891784668,29.96211986541748,1505.9519287109374,10656.792,60.510616,200,11.15003133806744
crc,crc_232,REF,CRC,50,spatialprop,T_cell,0.3090036014405762,0.51067704,0.02,1.0,0.02,0.52,0.12173290368779091,36.26411876678467,44.11012763977051,46.70676765441895,1286.29130859375,6226.144,77.1238,200,9.241577464220443
crc,crc_242,REF,CRC,50,spatialprop,Endothelial,0.4182953181272509,0.6596853,0.0,0.0,0.0,0.98,0.8714981729598051,39.399615097045896,42.415150833129886,25.82940502166748,812.7933898925781,2631.7744,53.62059,200,6.60677209997896
crc,crc_242,REF,CRC,50,spatialprop,Epithelial,-0.12797118847539016,-0.0544634,0.0,0.0,0.0,0.7,0.8374130137114775,16.099986457824706,24.15657196044922,16.830404376983644,604.7507751464843,71776.664,65.493576,200,14.915331267074118
crc,crc_242,REF,CRC,50,spatialprop,Fibroblast,0.2588715486194478,0.29673028,0.02,1.0,0.02,0.74,0.9570693631364201,37.37948589324951,41.229470825195314,28.272382545471192,1094.1303588867188,55049.59,37.508266,200,3.8036459162576457
crc,crc_242,REF,CRC,50,spatialprop,Myeloid,0.2969987995198079,0.6016518,0.06,1.0,0.06,0.92,0.8538702676633712,40.907578468322754,44.96812400817871,25.818630981445313,1221.6222778320312,7502.0845,66.93088,200,8.230201210812341
crc,crc_242,REF,CRC,50,spatialprop,T_cell,0.563889555822329,0.7686715,0.06,1.0,0.06,0.9,0.8887519260400616,33.218115234375,40.20067253112793,24.584643363952637,854.0203002929687,7916.408,40.81355,200,7.436563245747569
crc,crc_231,REF,CRC,50,spatialprop,Endothelial,0.42953181272509,0.79065907,0.04,1.0,0.04,0.26,0.6996763754045308,22.05324535369873,36.15134735107422,34.62961349487305,1458.575341796875,2203.003,49.197945,200,3.920720214357714
crc,crc_231,REF,CRC,50,spatialprop,Epithelial,0.41166866746698677,0.4833063,0.02,1.0,0.02,0.8,0.9956995412844036,11.897399711608887,26.797443008422853,16.32864627838135,577.8720703125,29357.344,49.37057,200,9.308320976847899
crc,crc_231,REF,CRC,50,spatialprop,Fibroblast,-0.3473229291716686,-0.41394258,0.06,0.3333333333333333,0.02,0.22,0.20207366274782004,42.4034387588501,48.88478584289551,46.44526710510254,929.63447265625,69406.7,58.893463,200,5.474624039159905
crc,crc_231,REF,CRC,50,spatialprop,Myeloid,0.40657863145258105,0.45498583,0.02,1.0,0.02,0.68,0.7777777777777778,23.16996669769287,39.154610824584964,33.33575038909912,1071.5949829101562,4315.9785,47.351475,200,3.719816611903902
crc,crc_231,REF,CRC,50,spatialprop,T_cell,0.033661464585834334,-0.14485729,0.04,0.5,0.02,0.38,0.7018316716902389,24.44626407623291,38.793745040893555,39.99833450317383,1536.3868530273437,8860.973,56.32786,200,4.55702675274154
crc,crc_210,REF,CRC,50,spatialprop,Endothelial,0.7774789915966386,0.9315471,0.1,1.0,0.1,0.62,0.5156607338172418,23.4505256652832,37.99439659118652,14.61388864517212,623.6907531738282,15216.015,50.51754,200,5.473797623784945
crc,crc_210,REF,CRC,50,spatialprop,Epithelial,0.6185354141656663,0.6569312,0.1,1.0,0.1,0.94,0.5866327977774756,16.867267990112303,23.140794944763183,17.813123512268067,930.9757568359375,186123.61,107.29807,200,10.400561777247745
crc,crc_210,REF,CRC,50,spatialprop,Fibroblast,0.37267707082833135,0.6266064,0.1,1.0,0.1,0.88,0.5754532976955862,23.4397762298584,32.846029663085936,18.09286403656006,867.3037170410156,55327.293,66.171234,200,4.636321454462948
crc,crc_210,REF,CRC,50,spatialprop,Myeloid,0.47025210084033614,0.43223983,0.02,1.0,0.02,0.5,0.8141229913892467,26.252497100830077,41.055552291870114,20.806071281433105,631.1094299316406,55192.535,71.622444,200,5.3372714880211225
crc,crc_210,REF,CRC,50,spatialprop,T_cell,0.7065066026410565,0.73891294,0.02,1.0,0.02,0.78,0.7885431400282885,26.205138778686525,35.465829086303714,22.392177772521972,516.3485595703125,19809.28,38.84428,200,4.008855545694911
crc,crc_221,REF,CRC,50,spatialprop,Endothelial,0.535078031212485,0.47030628,0.52,1.0,0.52,1.0,0.8771324863883847,28.930908203125,38.66950378417969,25.29907341003418,501.2991638183594,14181.244,59.27272,200,3.08138464108232
crc,crc_221,REF,CRC,50,spatialprop,Epithelial,0.7473229291716686,0.78118885,0.06,1.0,0.06,0.96,0.731609457435029,12.523749160766602,27.415169525146485,13.635275936126709,565.2960540771485,59505.566,48.27539,200,5.993981598406914
crc,crc_221,REF,CRC,50,spatialprop,Fibroblast,0.5442016806722689,0.67335653,0.04,1.0,0.04,0.88,0.5677832986055458,33.434652709960936,43.271197128295896,26.03378086090088,602.8049255371094,53948.59,41.86508,200,2.689075977540456
crc,crc_221,REF,CRC,50,spatialprop,Myeloid,0.14189675870348137,0.3586527,0.4,1.0,0.4,1.0,0.22760942760942762,29.242629623413087,41.46995048522949,25.24079246520996,831.7652526855469,16285.28,60.02931,200,3.353072737937645
crc,crc_221,REF,CRC,50,spatialprop,T_cell,0.48024009603841533,0.4640265,0.02,1.0,0.02,0.56,0.8707837053348013,29.960520553588868,40.32463188171387,23.854516983032227,481.758447265625,20917.238,37.67075,200,2.64562473598392
crc,crc_120,REF,CRC,50,spatialprop,Endothelial,0.3892917166866746,0.50380665,0.06,1.0,0.06,0.82,0.876117496807152,34.51854019165039,42.90114898681641,30.883753967285156,675.2886596679688,39983.605,77.903465,200,5.862110327012868
crc,crc_120,REF,CRC,50,spatialprop,Epithelial,0.3768067226890756,0.19463667,0.02,1.0,0.02,0.82,0.25069836756581493,22.986209678649903,33.06242904663086,22.08367786407471,444.57099609375,461617.84,33.74112,200,10.268628281331168
crc,crc_120,REF,CRC,50,spatialprop,Fibroblast,0.5409363745498199,0.3933572,0.02,1.0,0.02,0.86,0.41706616361779825,25.40725212097168,39.113836669921874,20.986056900024415,918.27392578125,231498.22,27.547598,200,2.5890859465520726
crc,crc_120,REF,CRC,50,spatialprop,Myeloid,0.39294117647058824,0.50865734,0.1,1.0,0.1,0.84,0.3624730896688517,36.105155563354494,46.92508811950684,31.66229305267334,583.2300537109375,102012.24,45.270218,200,2.9071189325629794
crc,crc_120,REF,CRC,50,spatialprop,T_cell,0.4929171668667467,0.5415941,0.04,1.0,0.04,0.8,0.9310364946468683,36.17507629394531,47.853475952148436,30.085597229003906,370.58179931640626,89511.22,28.078413,200,2.5637022779321255
