sid,model_name,holdout_celltype,n_deg,spearman,pearson,precision,direction_match,direction_match_k,direction_match_gt,mixing_index,edistance_global,edistance_local,edistance_pca,edistance_pca_log,rmse,mse_lfc,nb_deviance
C57BL6J-2.036,baseline,GABAergic neuron_Fiber_tracts,50,0.5703739736657633,0.608348548412323,0.0,0.0,0.0,0.08,0.6657608695652174,35.92347602844238,37.85566368103027,1312.3613037109376,23.68629398345947,605.2632446289062,373.18389892578125,2.828218008092838
C57BL6J-2.036,baseline,GABAergic neuron_Isocortex,50,0.6702966819931454,0.6488084197044373,0.16,1.0,0.16,0.6,0.6759339704604691,43.57731819152832,47.91122817993164,931.0795959472656,24.102473640441893,1496.3818359375,128.24569702148438,2.2991693222617036
C57BL6J-2.036,baseline,astrocyte_Fiber_tracts,50,0.3828183150758906,0.415555864572525,0.1,1.0,0.1,0.82,0.12639273269134235,32.656473541259764,32.247582626342776,1008.7808837890625,13.687746524810791,1876.262451171875,112.14663696289062,1.535209837252143
C57BL6J-2.036,baseline,astrocyte_Isocortex,50,0.7358640065507962,0.676738440990448,0.24,1.0,0.24,0.86,0.00912280701754386,60.410183334350585,62.20383720397949,1795.6307739257813,30.873113059997557,3056.416259765625,113.27041625976562,4.212564650911202
C57BL6J-2.036,baseline,endothelial cell_Fiber_tracts,50,0.49831893848140457,0.5768181085586548,0.06,1.0,0.06,0.86,0.05501618122977346,37.04787712097168,37.39837989807129,1343.6436401367187,17.327092170715332,1701.265380859375,140.08407592773438,3.201075681564115
C57BL6J-2.036,baseline,endothelial cell_Isocortex,50,0.7017719024943719,0.6977671384811401,0.32,1.0,0.32,0.7,0.07823343848580441,59.15644493103027,61.49047584533692,1721.1213623046874,27.402663040161134,2144.295166015625,148.39559936523438,3.9398494625785814
C57BL6J-2.036,baseline,glutamatergic neuron_Fiber_tracts,50,0.07716686674669868,-0.0224518533796072,0.08,0.25,0.02,0.34,0.9530130750266002,38.75142707824707,41.07179489135742,1053.2891479492187,28.403584671020507,5204.7314453125,183.02603149414062,2.639966704195338
C57BL6J-2.036,baseline,glutamatergic neuron_Isocortex,50,0.3971668667466987,0.42912986874580383,0.1,1.0,0.1,0.72,0.013180169286577994,44.362678909301756,49.783176040649415,842.0178649902343,32.286649513244626,16301.7080078125,87.25714111328125,1.4421076105911086
C57BL6J-2.036,baseline,oligodendrocyte_Fiber_tracts,50,0.2855702280912365,0.36411041021347046,0.16,1.0,0.16,0.9,0.11100512764861949,42.12861213684082,42.943704223632814,1262.193994140625,15.48855218887329,2248.62841796875,70.75531005859375,1.9757906602967774
C57BL6J-2.036,baseline,oligodendrocyte_Isocortex,50,0.555342136854742,0.36489054560661316,0.2,1.0,0.2,0.9,0.12121212121212122,57.426884460449216,60.6041976928711,2105.4135986328124,25.654288864135744,5123.70849609375,132.7893829345703,3.805934816893065
C57BL6J-2.036,cellina,GABAergic neuron_Fiber_tracts,50,0.8921488595438174,0.9137978553771973,0.64,1.0,0.64,0.98,0.8668478260869564,39.14134330749512,43.105717468261716,688.1730895996094,9.54620189666748,840.44921875,11.12800407409668,0.04129080305231912
C57BL6J-2.036,cellina,GABAergic neuron_Isocortex,50,0.9277791116446579,0.971160888671875,0.68,1.0,0.68,1.0,0.6933101650738488,41.99154853820801,45.34053840637207,409.8055023193359,10.24975128173828,1317.7945556640625,5.426074028015137,0.07631608892903255
C57BL6J-2.036,cellina,astrocyte_Fiber_tracts,50,0.3055462184873949,0.4870985746383667,0.32,0.75,0.24,0.68,0.5619171245805242,38.15813636779785,38.81897239685058,773.1460876464844,8.039498329162598,3937.51416015625,125.70684814453125,0.03665893788311874
C57BL6J-2.036,cellina,astrocyte_Isocortex,50,0.8832172869147659,0.8679335713386536,0.36,1.0,0.36,0.94,0.4124928841277235,41.680216217041014,39.762886428833006,471.0335418701172,8.84457540512085,3284.065673828125,11.946030616760254,0.026902522056508987
C57BL6J-2.036,cellina,endothelial cell_Fiber_tracts,50,0.7355102040816326,0.9935426115989685,0.14,1.0,0.14,0.8,0.6614649519646216,32.39973545074463,32.36232948303223,270.26849365234375,6.488972759246826,3919.866943359375,285.3366394042969,0.009276277017956854
C57BL6J-2.036,cellina,endothelial cell_Isocortex,50,0.9113565426170468,0.9322919845581055,0.72,1.0,0.72,0.98,0.6248575486811898,33.905351638793945,34.070573806762695,216.2745819091797,7.140304470062256,2769.360595703125,19.195632934570312,0.006617463107325334
C57BL6J-2.036,cellina,glutamatergic neuron_Fiber_tracts,50,0.7322448979591836,0.8916871547698975,0.48,1.0,0.48,1.0,0.24577272287600319,40.3062442779541,45.24118537902832,564.9456237792969,10.710002899169922,12015.6259765625,8.67926025390625,0.17404771408462097
C57BL6J-2.036,cellina,glutamatergic neuron_Isocortex,50,0.8700600240096038,0.9513790607452393,0.46,1.0,0.46,1.0,0.46540248176429766,39.86411361694336,44.31592903137207,380.6772705078125,10.099604892730714,14819.966796875,11.8927001953125,0.12235193191496553
C57BL6J-2.036,cellina,oligodendrocyte_Fiber_tracts,50,0.4500840336134454,0.659186840057373,0.42,1.0,0.42,0.94,0.8781948832498753,28.227178001403807,28.51503219604492,130.23455200195312,6.755763816833496,6741.05712890625,14.670278549194336,0.006495577345560398
C57BL6J-2.036,cellina,oligodendrocyte_Isocortex,50,0.593469387755102,0.5176793932914734,0.48,1.0,0.48,0.82,0.7005889169325523,29.392327308654785,30.416416549682616,135.4943115234375,6.424540615081787,6634.5166015625,93.06208038330078,0.012521906085100776
C57BL6J-2.036,cellina-ablated,GABAergic neuron_Fiber_tracts,50,0.8286674669867947,0.9047700762748718,0.58,1.0,0.58,0.98,0.8641304347826086,31.938005447387695,35.77225456237793,624.6269287109375,8.490843582153321,948.49072265625,14.626974105834961,0.10537738406596499
C57BL6J-2.036,cellina-ablated,GABAergic neuron_Isocortex,50,0.9202881152460984,0.942595362663269,0.6,1.0,0.6,1.0,0.539642638115194,34.229638671875,41.82220039367676,425.9333740234375,10.681107902526856,1437.296630859375,10.464224815368652,0.14621688099029076
C57BL6J-2.036,cellina-ablated,astrocyte_Fiber_tracts,50,0.26607442977190876,0.4898979961872101,0.24,0.8333333333333334,0.2,0.7,0.6301854870173673,30.311783599853516,31.413427352905273,432.9447265625,6.106294822692871,3891.84228515625,120.03451538085938,0.045083117807770245
C57BL6J-2.036,cellina-ablated,astrocyte_Isocortex,50,0.8803361344537814,0.8826021552085876,0.4,1.0,0.4,0.98,0.9790136107229727,30.023347282409667,30.227701950073243,255.85271606445312,5.742620182037354,2947.039794921875,11.217216491699219,0.022672136976508037
C57BL6J-2.036,cellina-ablated,endothelial cell_Fiber_tracts,50,0.6430252100840336,0.9941976070404053,0.14,1.0,0.14,0.84,0.9696877276809163,29.280217933654786,29.55062141418457,214.76480102539062,5.694007110595703,3865.200439453125,287.06378173828125,0.013370436657531702
C57BL6J-2.036,cellina-ablated,endothelial cell_Isocortex,50,0.9112605042016807,0.9291377067565918,0.64,1.0,0.64,0.98,0.994939468512065,29.80616283416748,30.902201461791993,117.83283081054688,5.463644409179688,2787.8515625,20.728137969970703,0.009408926491330214
C57BL6J-2.036,cellina-ablated,glutamatergic neuron_Fiber_tracts,50,0.6113325330132053,0.725492537021637,0.18,1.0,0.18,0.92,0.6956489949054084,36.116783905029294,47.48179588317871,994.7632934570313,18.914948844909667,9859.4970703125,21.06244659423828,0.36364072457155916
C57BL6J-2.036,cellina-ablated,glutamatergic neuron_Isocortex,50,0.7600960384153662,0.8052618503570557,0.16,1.0,0.16,0.86,0.007980652962515116,37.0023738861084,50.340868377685545,1096.5108032226562,24.867396545410156,18010.3203125,28.645479202270508,0.32507522160995156
C57BL6J-2.036,cellina-ablated,oligodendrocyte_Fiber_tracts,50,0.4176230492196878,0.6822517514228821,0.16,1.0,0.16,0.86,0.7127960204658829,28.199234008789062,28.71401252746582,143.09426574707032,6.551649475097657,6457.42041015625,18.651491165161133,0.01079183012288286
C57BL6J-2.036,cellina-ablated,oligodendrocyte_Isocortex,50,0.5924129651860743,0.5279163122177124,0.46,0.9565217391304348,0.44,0.76,0.8592656458995959,27.297786903381347,27.73498115539551,91.51370239257812,5.212860584259033,6535.8681640625,96.31214141845703,0.011454048033858045
C57BL6J-2.036,cellina-graph,GABAergic neuron_Fiber_tracts,50,0.8650660264105642,0.9099754691123962,0.64,1.0,0.64,0.98,0.8668478260869564,37.9917179107666,41.949139785766604,714.7428527832031,9.06551389694214,873.7125244140625,12.470536231994629,0.06551446665759753
C57BL6J-2.036,cellina-graph,GABAergic neuron_Isocortex,50,0.9466986794717888,0.9769024848937988,0.62,1.0,0.62,1.0,0.706543542699443,41.70726203918457,45.6170108795166,410.55357055664064,10.032823657989502,1263.8701171875,4.486000061035156,0.0670592152384739
C57BL6J-2.036,cellina-graph,astrocyte_Fiber_tracts,50,0.32859543817527015,0.5006568431854248,0.3,0.9333333333333333,0.28,0.74,0.6759209629135354,35.93485298156738,36.4405818939209,406.8708923339844,6.766560649871826,3781.75244140625,117.77813720703125,0.03819933071743218
C57BL6J-2.036,cellina-graph,astrocyte_Isocortex,50,0.8876350540216086,0.9077275395393372,0.54,1.0,0.54,0.98,0.9059690524245717,40.780599212646486,39.392476654052736,381.0470367431641,9.302090263366699,3225.84326171875,8.345279693603516,0.02930040201163007
C57BL6J-2.036,cellina-graph,endothelial cell_Fiber_tracts,50,0.6307322929171668,0.9905530214309692,0.14,1.0,0.14,0.88,0.7045570070655213,32.46827430725098,33.104199981689455,297.1196990966797,6.317908477783203,3889.74853515625,275.8848876953125,0.010094161846681732
C57BL6J-2.036,cellina-graph,endothelial cell_Isocortex,50,0.923937575030012,0.935471773147583,0.68,1.0,0.68,0.96,0.9189670834227955,38.60457572937012,39.36155471801758,232.5627655029297,8.366031837463378,2621.894287109375,19.300033569335938,0.009977382879961725
C57BL6J-2.036,cellina-graph,glutamatergic neuron_Fiber_tracts,50,0.7016086434573829,0.7729795575141907,0.3,1.0,0.3,0.96,0.19106812769000756,37.8554126739502,48.31077423095703,987.0530456542969,18.21673002243042,9960.78125,19.385343551635742,0.338691481172223
C57BL6J-2.036,cellina-graph,glutamatergic neuron_Isocortex,50,0.8400960384153662,0.9519616961479187,0.42,1.0,0.42,0.98,0.07753398505284786,39.804019165039065,49.584080123901366,654.1655395507812,16.99149112701416,16092.6796875,18.46721649169922,0.1907919635013552
C57BL6J-2.036,cellina-graph,oligodendrocyte_Fiber_tracts,50,0.4431692677070828,0.6174918413162231,0.32,1.0,0.32,0.92,0.7784336022016822,31.55842456817627,31.303661727905272,177.61821594238282,7.5682783126831055,6549.14013671875,16.001087188720703,0.012377432104996752
C57BL6J-2.036,cellina-graph,oligodendrocyte_Isocortex,50,0.6036494597839136,0.5404718518257141,0.44,1.0,0.44,0.74,0.9934123847167325,41.55616760253906,40.995165252685545,362.2965087890625,10.390714263916015,5965.486328125,99.2229232788086,0.023704994081374758
C57BL6J-2.036,concert,GABAergic neuron_Fiber_tracts,50,0.8121488595438175,0.9120208024978638,0.5,1.0,0.5,0.98,0.43749999999999994,60.53501091003418,63.26408576965332,1588.0996704101562,23.778235244750977,926.0694580078125,11.275914192199707,0.15591668753426588
C57BL6J-2.036,concert,GABAergic neuron_Isocortex,50,0.8818727490996399,0.95131915807724,0.46,1.0,0.46,0.98,0.6715899218071242,63.8280029296875,66.42231521606445,1490.024951171875,26.20021915435791,1435.399658203125,8.639192581176758,0.27469271113326676
C57BL6J-2.036,concert,astrocyte_Fiber_tracts,50,0.30804321728691475,0.49348184466362,0.1,0.8,0.08,0.42,0.05933250927070457,70.20547866821289,70.71971969604492,1934.7558959960938,24.310527420043947,4123.97607421875,139.33038330078125,0.14195818195727924
C57BL6J-2.036,concert,astrocyte_Isocortex,50,0.6516686674669867,0.714638352394104,0.14,1.0,0.14,0.7,0.10175438596491228,71.39283905029296,71.53450012207031,2128.170068359375,25.999382400512694,3612.869873046875,22.418750762939453,0.16196576896729317
C57BL6J-2.036,concert,endothelial cell_Fiber_tracts,50,0.46093637454981995,0.9793538451194763,0.12,1.0,0.12,0.26,0.08090614886731391,72.6059814453125,72.39074096679687,2130.341748046875,25.412540626525878,3617.559326171875,341.21917724609375,0.18211166999186804
C57BL6J-2.036,concert,endothelial cell_Isocortex,50,0.8709243697478991,0.9038475155830383,0.48,1.0,0.48,0.68,0.08832807570977919,73.08998641967773,73.8193748474121,2283.3326904296873,26.22507839202881,2607.37158203125,33.94236755371094,0.16149565125067344
C57BL6J-2.036,concert,glutamatergic neuron_Fiber_tracts,50,0.6732773109243697,0.7482602000236511,0.1,0.8,0.08,0.92,0.21444201312910285,63.786790466308595,66.5423797607422,1349.2755737304688,26.803876686096192,12617.7060546875,14.345633506774902,0.36436867551981494
C57BL6J-2.036,concert,glutamatergic neuron_Isocortex,50,0.8304921968787514,0.90044105052948,0.1,1.0,0.1,0.96,0.01523579201934704,65.8009246826172,67.36035842895508,1463.6962646484376,29.522841453552246,16505.9296875,18.479839324951172,0.3281685020672065
C57BL6J-2.036,concert,oligodendrocyte_Fiber_tracts,50,0.166578631452581,0.6681680083274841,0.08,0.75,0.06,0.16,0.06683804627249358,78.3895378112793,78.83551330566407,2993.8962158203126,24.56868419647217,6766.66259765625,34.077301025390625,0.13259289365945456
C57BL6J-2.036,concert,oligodendrocyte_Isocortex,50,0.35798319327731093,0.45860010385513306,0.24,0.8333333333333334,0.2,0.38,0.1739130434782609,72.40241394042968,73.82398529052735,2070.004736328125,22.782870292663574,6426.46728515625,120.75598907470703,0.13325341581917674
C57BL6J-2.036,cpa,GABAergic neuron_Fiber_tracts,50,0.8161824729891957,0.8957019448280334,0.5,1.0,0.5,0.98,0.8668478260869564,29.598101997375487,33.61096382141113,680.07158203125,9.160402870178222,860.413818359375,15.372628211975098,0.08654864698790694
C57BL6J-2.036,cpa,GABAergic neuron_Isocortex,50,0.931812725090036,0.9614120721817017,0.6,1.0,0.6,1.0,0.8139661164205039,34.500182723999025,38.88866119384765,305.7288391113281,8.10743169784546,1321.1739501953125,7.495428562164307,0.126443264449286
C57BL6J-2.036,cpa,astrocyte_Fiber_tracts,50,0.3264825930372149,0.4969804883003235,0.34,0.8823529411764706,0.3,0.76,0.5520295884670126,25.785978698730467,25.953161239624023,459.87506713867185,4.812659454345703,3961.63232421875,115.67607116699219,0.040904673311045796
C57BL6J-2.036,cpa,astrocyte_Isocortex,50,0.8622809123649459,0.865000307559967,0.4,1.0,0.4,0.98,0.4978150390726078,28.36376953125,27.37130699157715,301.5796325683594,5.4729616165161135,2875.390625,11.399955749511719,0.029172255266824237
C57BL6J-2.036,cpa,endothelial cell_Fiber_tracts,50,0.6637695078031213,0.9915988445281982,0.14,1.0,0.14,0.72,0.9967637540453075,27.881276893615723,28.118638229370116,211.38150634765626,4.684735298156738,3797.177978515625,292.58349609375,0.015033148963658047
C57BL6J-2.036,cpa,endothelial cell_Isocortex,50,0.9034813925570228,0.9272847175598145,0.68,1.0,0.68,0.96,0.8756197664624176,27.82326545715332,27.107232666015626,115.48617553710938,5.345756912231446,2682.1181640625,20.227611541748047,0.011545028281127152
C57BL6J-2.036,cpa,glutamatergic neuron_Fiber_tracts,50,0.7913085234093638,0.9221991300582886,0.46,1.0,0.46,1.0,0.9943379887140593,30.27508964538574,37.82996101379395,468.2834228515625,10.495122146606445,11957.2314453125,7.03684139251709,0.12121980150945767
C57BL6J-2.036,cpa,glutamatergic neuron_Isocortex,50,0.8653541416566627,0.9558061957359314,0.62,1.0,0.62,0.98,0.5648867768167204,31.360481643676756,37.104410552978514,281.21632080078126,7.454868507385254,12531.984375,5.974944591522217,0.07198377739989359
C57BL6J-2.036,cpa,oligodendrocyte_Fiber_tracts,50,0.46842737094837933,0.6693120002746582,0.44,1.0,0.44,0.92,0.6321287624549651,24.608942604064943,22.968386840820312,128.40841674804688,4.703602313995361,6304.79931640625,14.517626762390137,0.011286478324461096
C57BL6J-2.036,cpa,oligodendrocyte_Isocortex,50,0.5605282112845137,0.46351924538612366,0.46,1.0,0.46,0.78,0.9807292410749718,23.14366626739502,22.58169631958008,74.81361389160156,4.662452316284179,6533.798828125,97.387939453125,0.014833237993227019
C57BL6J-2.036,scgen,GABAergic neuron_Fiber_tracts,50,0.8140696278511403,0.910915732383728,0.4,1.0,0.4,0.82,0.2476023017902813,16.11822509765625,16.29084014892578,1081.6945556640626,6.997815227508545,615.6660766601562,22.569568634033203,0.23248811268431513
C57BL6J-2.036,scgen,GABAergic neuron_Isocortex,50,0.9089555822328932,0.9136991500854492,0.48,1.0,0.48,0.94,0.42100858588439716,18.026212692260742,24.83209648132324,961.8890197753906,10.08336820602417,1574.21435546875,18.659137725830078,0.48339937322149334
C57BL6J-2.036,scgen,astrocyte_Fiber_tracts,50,0.28921968787515,0.5144150257110596,0.08,1.0,0.08,0.84,0.8993391698359047,9.041402053833007,9.75055751800537,762.6115844726562,3.3188706398010255,3476.50390625,102.85200500488281,0.3480003646240964
C57BL6J-2.036,scgen,astrocyte_Isocortex,50,0.8067707082833133,0.8347442746162415,0.1,0.8,0.08,0.98,0.9966920250478705,8.9240140914917,10.91124610900879,580.7369018554688,3.631024169921875,2395.2421875,12.892608642578125,0.3828694454863385
C57BL6J-2.036,scgen,endothelial cell_Fiber_tracts,50,0.5091476590636254,0.9712005257606506,0.18,1.0,0.18,1.0,0.6199867839170436,7.878579711914062,8.716448783874512,685.3782043457031,2.2631397247314453,2916.89501953125,237.3370361328125,0.374095337308682
C57BL6J-2.036,scgen,endothelial cell_Isocortex,50,0.8828331332533011,0.925405740737915,0.48,1.0,0.48,1.0,0.4502056253819347,6.923985481262207,8.412451934814452,990.8423461914062,2.307238292694092,1926.4830322265625,20.562641143798828,0.36685224389005966
C57BL6J-2.036,scgen,glutamatergic neuron_Fiber_tracts,50,0.5774309723889556,0.5614249110221863,0.04,1.0,0.04,0.7,0.9710615928424378,18.696480178833006,28.209127807617186,951.336083984375,16.611093711853027,8643.33203125,22.10086441040039,0.3562948727954557
C57BL6J-2.036,scgen,glutamatergic neuron_Isocortex,50,0.796686674669868,0.9101584553718567,0.18,1.0,0.18,1.0,0.3530348223947178,16.79282455444336,28.005196380615235,794.6482360839843,16.9665189743042,16172.6572265625,22.456314086914062,0.31666878334785914
C57BL6J-2.036,scgen,oligodendrocyte_Fiber_tracts,50,0.3275390156062425,0.6800617575645447,0.14,1.0,0.14,0.96,0.35684745670351736,4.415645027160645,5.933723640441895,1136.0134704589843,1.5620348930358887,4397.59423828125,10.782676696777344,0.39658930922631963
C57BL6J-2.036,scgen,oligodendrocyte_Isocortex,50,0.5825210084033614,0.5491266846656799,0.16,1.0,0.16,0.96,0.42340529164713775,5.52481861114502,7.251116561889648,980.4263244628906,2.4847881317138674,5054.17236328125,75.12503051757812,0.33287562912211377
C57BL6J-2.039,baseline,GABAergic neuron_Fiber_tracts,50,-0.11116446578631452,0.24774059653282166,0.16,0.25,0.04,0.34,0.03644646924829157,37.521781539916994,40.33439559936524,947.3650024414062,25.773163032531738,1315.9466552734375,250.16114807128906,2.7988357763628238
C57BL6J-2.039,baseline,GABAergic neuron_Isocortex,50,0.6842901392161869,0.519748330116272,0.04,1.0,0.04,0.72,0.414985590778098,43.69538497924805,47.6058349609375,708.6538330078125,22.650879096984863,1320.4910888671875,53.65471649169922,1.6559536819361351
C57BL6J-2.039,baseline,astrocyte_Fiber_tracts,50,0.465701457552181,0.45293059945106506,0.1,0.8,0.08,0.7,0.15015554335607664,37.78442535400391,37.79297561645508,933.776025390625,18.334597206115724,3067.15673828125,93.9253921508789,1.6901051298454444
C57BL6J-2.039,baseline,astrocyte_Isocortex,50,0.7521248499399759,0.7720442414283752,0.14,1.0,0.14,0.94,0.04092664092664093,63.74128723144531,64.98737373352051,1670.1666259765625,32.603125953674315,3745.13232421875,57.708683013916016,3.5571749789664766
C57BL6J-2.039,baseline,endothelial cell_Fiber_tracts,50,0.5160422819319722,0.507756233215332,0.02,1.0,0.02,0.88,0.15775401069518716,40.47611541748047,42.06655731201172,1149.62646484375,21.41301746368408,1619.9752197265625,114.39424133300781,2.838495024154381
C57BL6J-2.039,baseline,endothelial cell_Isocortex,50,0.7350144304174395,0.6290916800498962,0.24,1.0,0.24,0.8,0.021496815286624206,62.013938903808594,64.20409126281739,1537.3667236328124,28.78983955383301,2808.4140625,106.83901977539062,2.7722953465755276
C57BL6J-2.039,baseline,glutamatergic neuron_Fiber_tracts,50,-0.010996398559423769,-0.059576161205768585,0.16,0.0,0.0,0.24,0.9476857710877591,42.048211669921876,44.295536804199216,1004.3389770507813,31.471518898010252,7144.01611328125,172.45037841796875,2.169997675166159
C57BL6J-2.039,baseline,glutamatergic neuron_Isocortex,50,0.3752701080432172,0.26543667912483215,0.08,0.5,0.04,0.72,0.014100905562742561,47.40153160095215,52.875666809082034,807.5685180664062,36.889654541015624,15532.7001953125,71.9404525756836,1.2611007134350936
C57BL6J-2.039,baseline,oligodendrocyte_Fiber_tracts,50,0.3252340936374549,0.2568122446537018,0.08,1.0,0.08,0.98,0.11303059364778564,50.46451606750488,51.27742652893066,1395.5548461914063,22.488868713378906,2390.2138671875,44.264671325683594,2.293087736473474
C57BL6J-2.039,baseline,oligodendrocyte_Isocortex,50,0.5970228091236494,0.5119941830635071,0.2,1.0,0.2,0.98,0.07643312101910829,60.96250419616699,62.76663589477539,2061.4525146484375,28.118166542053224,5622.4990234375,99.86383056640625,3.9175625718787517
C57BL6J-2.039,cellina,GABAergic neuron_Fiber_tracts,50,0.6641536614645858,0.7979666590690613,0.32,1.0,0.32,0.94,0.9585879919809963,42.049340438842776,46.297847747802734,552.0919555664062,9.021593761444091,1662.4130859375,10.565751075744629,0.060275763136207174
C57BL6J-2.039,cellina,GABAergic neuron_Isocortex,50,0.9251860744297719,0.9610167145729065,0.46,1.0,0.46,0.98,0.7473583093179635,42.181780624389646,44.840300750732425,362.32122192382815,8.280289363861083,1499.805908203125,3.3568766117095947,0.057602984992573665
C57BL6J-2.039,cellina,astrocyte_Fiber_tracts,50,0.8201200480192077,0.782842218875885,0.58,1.0,0.58,0.92,0.7058034663947925,34.53745231628418,34.94596977233887,498.722607421875,6.552942276000977,4729.21435546875,15.670848846435547,0.028396783991697795
C57BL6J-2.039,cellina,astrocyte_Isocortex,50,0.8588235294117647,0.8875316977500916,0.62,1.0,0.62,0.94,0.5536083121448975,34.256378936767575,33.26949234008789,279.07610778808595,6.841752624511718,3733.37890625,8.99841594696045,0.023456908564162632
C57BL6J-2.039,cellina,endothelial cell_Fiber_tracts,50,0.8060984393757503,0.9935656785964966,0.14,0.8571428571428571,0.12,0.58,0.9059714795008913,34.80940132141113,35.20538215637207,288.04905700683594,7.257813835144043,5117.9892578125,277.7729797363281,0.014085505646747605
C57BL6J-2.039,cellina,endothelial cell_Isocortex,50,0.8175270108043216,0.8757868409156799,0.66,1.0,0.66,0.96,0.8641892410405955,33.2105598449707,33.354069519042966,194.83490905761718,6.393442440032959,3492.73974609375,25.873384475708008,0.01172480613969237
C57BL6J-2.039,cellina,glutamatergic neuron_Fiber_tracts,50,0.5253781512605042,0.8066759705543518,0.46,1.0,0.46,0.98,0.3712927009372337,43.438987731933594,48.48242835998535,657.649560546875,10.437046146392822,15796.0390625,6.385051250457764,0.09868682654001144
C57BL6J-2.039,cellina,glutamatergic neuron_Isocortex,50,0.8399039615846338,0.9670658111572266,0.56,1.0,0.56,1.0,0.7176190684391157,41.30631217956543,45.092980575561526,336.3378875732422,7.8453620910644535,13638.7880859375,7.854340076446533,0.10896132609804277
C57BL6J-2.039,cellina,oligodendrocyte_Fiber_tracts,50,0.4314525810324129,0.7720582485198975,0.44,1.0,0.44,0.94,0.8469327487770254,30.092347145080566,30.73852882385254,114.10687255859375,6.954010391235352,7579.0966796875,9.396113395690918,0.008642327189948559
C57BL6J-2.039,cellina,oligodendrocyte_Isocortex,50,0.5784873949579831,0.5907825231552124,0.58,1.0,0.58,0.88,0.43766855217060985,27.731172561645508,28.205525588989257,278.570703125,6.027169704437256,7387.10546875,86.07748413085938,0.02155826390712604
C57BL6J-2.039,cellina-ablated,GABAergic neuron_Fiber_tracts,50,0.6607923169267707,0.7615308165550232,0.32,1.0,0.32,0.96,0.95644666435787,33.73043975830078,41.15655746459961,435.2403259277344,7.496598434448242,1636.7747802734375,12.572320938110352,0.06807296504753135
C57BL6J-2.039,cellina-ablated,GABAergic neuron_Isocortex,50,0.861704681872749,0.902323305606842,0.32,1.0,0.32,1.0,0.9198164341238351,36.258364868164065,43.01940078735352,255.39331970214843,8.0653657913208,1677.0640869140625,8.113614082336426,0.0966032507533805
C57BL6J-2.039,cellina-ablated,astrocyte_Fiber_tracts,50,0.7737334933973589,0.7513197064399719,0.32,1.0,0.32,0.92,0.7648576582228844,29.143565368652343,30.51344566345215,444.8839477539062,6.584188652038574,4598.2734375,18.261228561401367,0.04726277690788014
C57BL6J-2.039,cellina-ablated,astrocyte_Isocortex,50,0.8922448979591835,0.8827109932899475,0.6,1.0,0.6,0.94,0.4276956398907618,28.011713790893555,28.237162780761718,275.2268493652344,5.641075897216797,3848.907958984375,10.571808815002441,0.029973984311824825
C57BL6J-2.039,cellina-ablated,endothelial cell_Fiber_tracts,50,0.7824729891956782,0.9943757653236389,0.14,0.8571428571428571,0.12,0.44,0.9768754161029144,29.606395721435547,30.651915740966796,235.09468688964844,6.962067031860352,5087.787109375,278.88995361328125,0.019643652302864877
C57BL6J-2.039,cellina-ablated,endothelial cell_Isocortex,50,0.8327971188475389,0.8846055269241333,0.56,1.0,0.56,0.98,0.9587490087739492,28.077956199645996,28.342298889160155,87.24926452636718,5.061890411376953,3469.164306640625,25.72539710998535,0.01128533443966313
C57BL6J-2.039,cellina-ablated,glutamatergic neuron_Fiber_tracts,50,0.40993997599039617,0.6547438502311707,0.24,1.0,0.24,0.98,0.5791772791820505,31.170022583007814,41.203212356567384,688.9461242675782,13.47080888748169,14592.4482421875,15.453155517578125,0.21020877048713607
C57BL6J-2.039,cellina-ablated,glutamatergic neuron_Isocortex,50,0.7720048019207683,0.9284363985061646,0.32,1.0,0.32,0.98,0.02597877896178648,33.37555847167969,46.469099807739255,882.8916381835937,18.882327842712403,16148.0302734375,20.929288864135742,0.2621526673608727
C57BL6J-2.039,cellina-ablated,oligodendrocyte_Fiber_tracts,50,0.34184873949579836,0.779721200466156,0.22,1.0,0.22,0.88,0.6984085500570472,27.84694938659668,28.185418701171876,157.57927856445312,6.735525131225586,7319.38818359375,14.298295974731445,0.011575617266269059
C57BL6J-2.039,cellina-ablated,oligodendrocyte_Isocortex,50,0.5832893157262904,0.5998490452766418,0.54,1.0,0.54,0.86,0.8450985298830171,26.373150253295897,26.468709182739257,131.62041625976562,5.198304653167725,7109.5546875,90.51130676269531,0.017980210036669473
C57BL6J-2.039,cellina-graph,GABAergic neuron_Fiber_tracts,50,0.6848019207683074,0.758843719959259,0.22,1.0,0.22,0.88,0.8086560364464692,36.79912338256836,44.06280632019043,464.74590759277345,8.689349460601807,1683.4219970703125,13.459185600280762,0.08147614383405206
C57BL6J-2.039,cellina-graph,GABAergic neuron_Isocortex,50,0.8921488595438174,0.9656895399093628,0.52,1.0,0.52,1.0,0.9172822212211533,39.31337356567383,43.48675651550293,308.73997802734374,7.494742774963379,1365.223388671875,3.1449735164642334,0.04933923240360411
C57BL6J-2.039,cellina-graph,astrocyte_Fiber_tracts,50,0.8352941176470589,0.8120409846305847,0.62,1.0,0.62,0.96,0.7938305492379683,32.08954086303711,33.376007843017575,363.09459228515624,6.186671543121338,4620.86328125,13.527190208435059,0.03307312537749418
C57BL6J-2.039,cellina-graph,astrocyte_Isocortex,50,0.8723649459783912,0.9063302874565125,0.6,1.0,0.6,0.98,0.9610823366920928,35.21069526672363,34.26465110778808,274.1751342773438,7.52371072769165,3886.0986328125,7.332940101623535,0.022542433495077153
C57BL6J-2.039,cellina-graph,endothelial cell_Fiber_tracts,50,0.7708523409363746,0.992195725440979,0.14,0.8571428571428571,0.12,0.52,0.9973154650688314,34.30786323547363,35.08695983886719,281.2186676025391,7.11172571182251,5087.8759765625,276.1664733886719,0.012141376988985719
C57BL6J-2.039,cellina-graph,endothelial cell_Isocortex,50,0.8407683073229291,0.8826771378517151,0.66,1.0,0.66,0.96,0.777191568823063,35.01240577697754,35.53159599304199,205.238330078125,7.37432107925415,3494.509521484375,25.519006729125977,0.012331006741893117
C57BL6J-2.039,cellina-graph,glutamatergic neuron_Fiber_tracts,50,0.5284513805522209,0.7582765817642212,0.36,1.0,0.36,0.96,0.5166950298210736,36.42806701660156,45.89783248901367,627.6913757324219,12.325238037109376,15304.4130859375,11.706912994384766,0.1616675538672999
C57BL6J-2.039,cellina-graph,glutamatergic neuron_Isocortex,50,0.7622088835534212,0.8663028478622437,0.4,1.0,0.4,0.96,0.2546084792299612,38.8140811920166,50.92080955505371,921.4565307617188,19.72417621612549,16515.455078125,20.505990982055664,0.2842849178726097
C57BL6J-2.039,cellina-graph,oligodendrocyte_Fiber_tracts,50,0.44835534213685474,0.7641732692718506,0.54,1.0,0.54,0.96,0.957254550248164,29.366792678833008,30.10016326904297,116.0922607421875,6.575088214874268,7587.08349609375,7.616474628448486,0.007673716128988606
C57BL6J-2.039,cellina-graph,oligodendrocyte_Isocortex,50,0.5775270108043217,0.5822641849517822,0.5,1.0,0.5,0.82,0.8211573705681356,33.26164245605469,33.24838714599609,236.16909484863282,6.571941661834717,7011.34130859375,88.24331665039062,0.014886721557723703
C57BL6J-2.039,concert,GABAergic neuron_Fiber_tracts,50,0.5733013205282114,0.7581212520599365,0.12,1.0,0.12,0.9,0.09339407744874714,62.27463340759277,64.58139190673828,1342.6381713867188,25.60550308227539,1606.7320556640625,12.702542304992676,0.18967077040995228
C57BL6J-2.039,concert,GABAergic neuron_Isocortex,50,0.7510684273709483,0.8372822403907776,0.2,1.0,0.2,0.86,0.010566762728146014,64.88925170898438,67.27566070556641,1385.8755126953124,29.677406883239748,1797.06298828125,10.418529510498047,0.32250230890263254
C57BL6J-2.039,concert,astrocyte_Fiber_tracts,50,0.4732292917166866,0.618597686290741,0.16,0.75,0.12,0.58,0.07288317256162916,72.67999114990235,73.42818298339844,1851.8400268554688,25.33004264831543,4889.654296875,27.542890548706055,0.1539955482059486
C57BL6J-2.039,concert,astrocyte_Isocortex,50,0.5742617046818728,0.7068530321121216,0.16,0.875,0.14,0.72,0.05637065637065637,74.02520523071288,74.15547714233398,1996.7188232421875,27.903820991516113,4680.27197265625,21.505037307739258,0.2389520581945612
C57BL6J-2.039,concert,endothelial cell_Fiber_tracts,50,0.6073949579831932,0.9792912006378174,0.12,0.8333333333333334,0.1,0.2,0.16042780748663102,74.47163391113281,75.6693832397461,1836.6253173828125,25.570594787597656,4948.3125,330.7618713378906,0.16396134200328294
C57BL6J-2.039,concert,endothelial cell_Isocortex,50,0.7424249699879952,0.8353731036186218,0.28,1.0,0.28,0.52,0.03503184713375796,74.35189666748047,74.46327285766601,1991.2192504882812,28.0183536529541,3669.8076171875,45.308746337890625,0.20090658472588566
C57BL6J-2.039,concert,glutamatergic neuron_Fiber_tracts,50,0.30871548619447775,0.687721848487854,0.08,1.0,0.08,0.96,0.9856000000000001,81.99869232177734,85.1974609375,979.0798217773438,22.2785005569458,17445.818359375,6.674238681793213,0.21721196165079185
C57BL6J-2.039,concert,glutamatergic neuron_Isocortex,50,0.8739975990396157,0.9501598477363586,0.02,1.0,0.02,0.96,0.6564036222509703,84.23846817016602,85.70853042602539,919.8928771972656,25.1130729675293,16100.8935546875,12.720314025878906,0.3420115460519108
C57BL6J-2.039,concert,oligodendrocyte_Fiber_tracts,50,0.39649459783913565,0.7914750576019287,0.02,1.0,0.02,0.04,0.06395112016293279,81.20382690429688,81.69009857177734,2855.92919921875,25.131307220458986,7682.89501953125,29.911470413208008,0.149941244476863
C57BL6J-2.039,concert,oligodendrocyte_Isocortex,50,0.4783193277310924,0.49106845259666443,0.12,0.8333333333333334,0.1,0.34,0.1194267515923567,74.33940734863282,75.49338607788086,1958.1260375976562,23.53445529937744,7202.41015625,122.04658508300781,0.14837495420802596
C57BL6J-2.039,cpa,GABAergic neuron_Fiber_tracts,50,0.6324609843937575,0.7689182758331299,0.34,1.0,0.34,0.9,0.9630072239321408,28.778234672546386,34.870727920532225,374.8953430175781,6.3289190292358395,1537.9307861328125,11.774345397949219,0.06505887211226728
C57BL6J-2.039,cpa,GABAergic neuron_Isocortex,50,0.8279951980792316,0.9024450778961182,0.48,1.0,0.48,0.96,0.9422273509864301,29.876690673828126,34.989676284790036,269.4616760253906,7.419127464294434,1588.4381103515625,7.219020366668701,0.11798668041388216
C57BL6J-2.039,cpa,astrocyte_Fiber_tracts,50,0.7785354141656662,0.7411700487136841,0.32,1.0,0.32,0.9,0.7912085326641047,25.395818138122557,25.607430267333985,475.59441528320315,5.499577426910401,4582.37646484375,17.561050415039062,0.051851889626945036
C57BL6J-2.039,cpa,astrocyte_Isocortex,50,0.8154141656662666,0.8667125105857849,0.52,1.0,0.52,0.94,0.2970555921775434,26.259372901916503,25.890291595458983,416.7628112792969,6.279628849029541,3871.54052734375,10.45534896850586,0.05815955971113885
C57BL6J-2.039,cpa,endothelial cell_Fiber_tracts,50,0.7195678271308523,0.9898719787597656,0.14,0.8571428571428571,0.12,0.52,0.9868779932564483,25.89808292388916,25.889954376220704,172.1918151855469,5.360688591003418,4938.70654296875,276.3536071777344,0.013299051731100162
C57BL6J-2.039,cpa,endothelial cell_Isocortex,50,0.8606482593037215,0.8824478387832642,0.62,1.0,0.62,0.98,0.8427148082776967,26.615101432800294,26.294187545776367,108.64697875976563,4.704074764251709,3359.672119140625,24.789525985717773,0.015909068701090115
C57BL6J-2.039,cpa,glutamatergic neuron_Fiber_tracts,50,0.5684033613445377,0.8517459034919739,0.44,1.0,0.44,0.98,0.752083158193695,30.779310607910155,38.73922119140625,614.986279296875,10.577197170257568,15026.7431640625,6.9566497802734375,0.10371446593627005
C57BL6J-2.039,cpa,glutamatergic neuron_Isocortex,50,0.8811044417767105,0.9533862471580505,0.56,1.0,0.56,1.0,0.7280441909621552,31.811968421936037,37.79558906555176,368.2371459960938,8.511743068695068,12779.322265625,7.691296577453613,0.10232542874352804
C57BL6J-2.039,cpa,oligodendrocyte_Fiber_tracts,50,0.1670588235294118,0.7678042054176331,0.2,1.0,0.2,0.9,0.7621109881772411,23.152521705627443,21.756925582885742,122.80592041015625,5.407270526885986,7072.236328125,12.520668029785156,0.010521685123409431
C57BL6J-2.039,cpa,oligodendrocyte_Isocortex,50,0.592797118847539,0.5786575078964233,0.58,1.0,0.58,0.9,0.7471852462616975,21.324443817138672,21.17140426635742,135.2993194580078,4.353740882873535,6918.0478515625,83.760498046875,0.025178001607519467
C57BL6J-2.039,scgen,GABAergic neuron_Fiber_tracts,50,0.6538775510204081,0.7597019672393799,0.12,1.0,0.12,0.74,0.3665767536692795,12.906754493713379,19.126698684692382,895.6746948242187,5.208808898925781,1381.22802734375,16.099733352661133,0.27769540159307177
C57BL6J-2.039,scgen,GABAergic neuron_Isocortex,50,0.7131332533013205,0.8178310394287109,0.22,1.0,0.22,0.84,0.36142565931703785,14.083531188964844,22.33342514038086,723.9130798339844,6.941695308685302,1472.0889892578125,11.781166076660156,0.32757217453077364
C57BL6J-2.039,scgen,astrocyte_Fiber_tracts,50,0.8025450180072028,0.7629193067550659,0.22,1.0,0.22,0.9,0.9905497608030743,11.047791671752929,11.570250701904296,590.8924621582031,4.013525104522705,4039.134521484375,15.795574188232422,0.3009454609243436
C57BL6J-2.039,scgen,astrocyte_Isocortex,50,0.8141656662665065,0.8541650772094727,0.42,1.0,0.42,0.96,0.4632576827698779,8.976873779296875,10.605852508544922,455.32256469726565,3.474941635131836,3247.25390625,10.743616104125977,0.3651350315882627
C57BL6J-2.039,scgen,endothelial cell_Fiber_tracts,50,0.7541416566626651,0.9833701252937317,0.16,1.0,0.16,0.86,0.567891888409252,7.517483520507812,8.76363525390625,706.22802734375,3.3061663627624513,3639.576904296875,232.21157836914062,0.291041090493538
C57BL6J-2.039,scgen,endothelial cell_Isocortex,50,0.8207923169267707,0.8903830647468567,0.3,1.0,0.3,0.98,0.38360128411736116,6.2114770889282225,7.729585838317871,1225.8125,2.2661639213562013,2305.37890625,21.493497848510742,0.3584254140727272
C57BL6J-2.039,scgen,glutamatergic neuron_Fiber_tracts,50,0.3601920768307323,0.44894644618034363,0.02,1.0,0.02,0.58,0.5801333712013632,15.708560180664062,22.37862358093262,802.8733276367187,11.11724624633789,12396.666015625,17.802391052246094,0.25767686628595793
C57BL6J-2.039,scgen,glutamatergic neuron_Isocortex,50,0.7525090036014406,0.8919222950935364,0.1,1.0,0.1,0.96,0.43606275854391296,16.342288208007812,28.264623641967773,872.160693359375,16.09987602233887,15319.96484375,21.017820358276367,0.3107018849320648
C57BL6J-2.039,scgen,oligodendrocyte_Fiber_tracts,50,0.2630972388955582,0.7680889964103699,0.16,1.0,0.16,0.98,0.5682310993012726,5.6472169876098635,6.883931732177734,496.32366333007815,1.8307904243469237,5360.7197265625,6.514177322387695,0.3512441544926504
C57BL6J-2.039,scgen,oligodendrocyte_Isocortex,50,0.5652340936374549,0.5984737277030945,0.18,1.0,0.18,0.94,0.7955698458591526,7.756060409545898,9.384859657287597,399.61236572265625,2.5799586296081545,6020.0888671875,80.17912292480469,0.3138136749444705
C57BL6J-2.041,baseline,GABAergic neuron_Fiber_tracts,50,0.4083113610766484,0.21245189011096954,0.02,1.0,0.02,0.64,0.13382260367566906,32.5239200592041,33.083551025390626,991.5953857421875,19.32724094390869,830.7261352539062,202.6190185546875,2.406977134176005
C57BL6J-2.041,baseline,GABAergic neuron_Isocortex,50,0.5914667820860192,0.6964731812477112,0.16,1.0,0.16,0.68,0.8891866028708134,44.24664840698242,47.92842674255371,867.6259155273438,24.229985237121582,1192.5045166015625,84.10645294189453,2.1354534303703763
C57BL6J-2.041,baseline,astrocyte_Fiber_tracts,50,0.5399409351120564,0.5106073617935181,0.02,1.0,0.02,0.76,0.6256576799038618,34.38241119384766,35.49202003479004,1459.5312255859376,16.13468780517578,2396.076416015625,69.58699035644531,1.7407434120462342
C57BL6J-2.041,baseline,astrocyte_Isocortex,50,0.7176470588235294,0.7490527033805847,0.26,1.0,0.26,0.94,0.01611459265890779,64.95922393798828,67.2191177368164,1858.7581665039063,32.69134101867676,2612.2939453125,97.71699523925781,4.717081527680607
C57BL6J-2.041,baseline,endothelial cell_Fiber_tracts,50,0.446377665983408,0.4145955443382263,0.1,1.0,0.1,0.82,0.03323262839879154,39.20548095703125,41.3122013092041,2000.8135375976562,18.008369064331056,1252.1285400390625,165.34893798828125,3.61954266992302
C57BL6J-2.041,baseline,endothelial cell_Isocortex,50,0.7459332206856671,0.7552061676979065,0.6,1.0,0.6,0.86,0.08251996450754215,64.92952880859374,67.88147583007813,1909.1931030273438,29.23443603515625,2368.642333984375,115.50006866455078,4.331702578938317
C57BL6J-2.041,baseline,glutamatergic neuron_Fiber_tracts,50,-0.19337334933973588,-0.2738511264324188,0.1,0.0,0.0,0.32,0.023086269744835963,39.95297088623047,43.628926849365236,1312.8154418945312,29.947235107421875,5351.5224609375,216.97158813476562,2.6797914734712793
C57BL6J-2.041,baseline,glutamatergic neuron_Isocortex,50,0.30593037214885954,0.23589889705181122,0.12,0.8333333333333334,0.1,0.74,0.013229795800977856,48.46349411010742,53.89819221496582,783.1552612304688,32.97873516082764,13509.84375,102.6460952758789,1.3406977397157156
C57BL6J-2.041,baseline,oligodendrocyte_Fiber_tracts,50,0.3565426170468187,0.5030394196510315,0.04,1.0,0.04,0.88,0.9865060240963854,47.05615501403808,47.59245719909668,1416.1948974609375,17.897124099731446,3358.234375,33.669071197509766,2.1098168089449696
C57BL6J-2.041,baseline,oligodendrocyte_Isocortex,50,0.18434573829531814,0.1966533362865448,0.18,1.0,0.18,0.72,0.19152854511970532,62.39245758056641,66.7847511291504,2109.9066650390623,27.587519073486327,4665.9560546875,228.21221923828125,5.3610933908613445
C57BL6J-2.041,cellina,GABAergic neuron_Fiber_tracts,50,0.7079471788715486,0.7474841475486755,0.4,0.9,0.36,0.58,0.7026761450000768,40.205186462402345,42.98264770507812,313.01177978515625,7.747743606567383,1244.25634765625,190.1611328125,0.017302397420569226
C57BL6J-2.041,cellina,GABAergic neuron_Isocortex,50,0.9113565426170468,0.9831639528274536,0.7,1.0,0.7,1.0,0.7513721253279828,39.31846313476562,41.96354637145996,304.32203979492186,7.36419267654419,983.7809448242188,2.4850001335144043,0.02960769550891384
C57BL6J-2.041,cellina,astrocyte_Fiber_tracts,50,0.6359183673469387,0.6017322540283203,0.52,1.0,0.52,0.88,0.7286853365730726,33.52842254638672,33.39152870178223,604.7678405761719,6.6411439895629885,3525.08056640625,55.7147102355957,0.027175601032036863
C57BL6J-2.041,cellina,astrocyte_Isocortex,50,0.8325090036014406,0.8703078627586365,0.66,1.0,0.66,0.98,0.9215851937348047,35.35410423278809,34.10366973876953,392.3305297851563,7.257320785522461,2891.9755859375,16.719179153442383,0.01967241777830118
C57BL6J-2.041,cellina,endothelial cell_Fiber_tracts,50,0.6015366146458584,0.9930127859115601,0.12,1.0,0.12,0.84,0.5450114821743207,41.213722229003906,41.06288871765137,425.61351013183594,7.885371494293213,3419.71337890625,301.726318359375,0.012328457898552879
C57BL6J-2.041,cellina,endothelial cell_Isocortex,50,0.9066506602641057,0.9348194003105164,0.76,1.0,0.76,0.96,0.6599149404889393,40.584724807739256,39.89185562133789,287.857421875,8.340542125701905,2743.42138671875,43.70474624633789,0.010966208806600949
C57BL6J-2.041,cellina,glutamatergic neuron_Fiber_tracts,50,0.6982472989195678,0.9087526202201843,0.4,1.0,0.4,0.98,0.4959838387441584,38.77728042602539,43.58553619384766,482.7220886230469,9.10861701965332,12071.6259765625,4.595431327819824,0.07815752400291591
C57BL6J-2.041,cellina,glutamatergic neuron_Isocortex,50,0.789483793517407,0.940352201461792,0.6,1.0,0.6,1.0,0.3424491569325379,37.687524032592776,41.23714637756348,358.80170288085935,8.779751396179199,12480.6259765625,9.41508960723877,0.12324386518984734
C57BL6J-2.041,cellina,oligodendrocyte_Fiber_tracts,50,0.08734693877551021,0.7430421710014343,0.44,1.0,0.44,0.92,0.9865060240963854,32.62379379272461,33.13061180114746,215.22450256347656,8.334661674499511,5484.86279296875,15.093305587768555,0.012029563306620852
C57BL6J-2.041,cellina,oligodendrocyte_Isocortex,50,0.3284033613445378,0.5274163484573364,0.22,1.0,0.22,0.76,0.9590891189065655,33.06510238647461,33.250814056396486,189.95907592773438,7.427971363067627,5872.20458984375,227.67466735839844,0.015779942178047176
C57BL6J-2.041,cellina-ablated,GABAergic neuron_Fiber_tracts,50,0.6647298919567827,0.714464008808136,0.38,0.7894736842105263,0.3,0.58,0.8007400469822358,34.613227462768556,38.97237358093262,270.096484375,7.581581115722656,1332.3037109375,192.4149627685547,0.04951543516271823
C57BL6J-2.041,cellina-ablated,GABAergic neuron_Isocortex,50,0.8753421368547419,0.9391878843307495,0.48,1.0,0.48,1.0,0.8265102639296189,33.71230049133301,38.26895179748535,284.52496948242185,8.691907119750976,1187.1114501953125,8.192124366760254,0.0868076178283517
C57BL6J-2.041,cellina-ablated,astrocyte_Fiber_tracts,50,0.5785834333733493,0.5760626792907715,0.38,0.8947368421052632,0.34,0.88,0.7046065589660438,30.180727005004883,30.762728118896483,538.6240600585937,5.4134697914123535,3702.44384765625,60.70942306518555,0.03465602328945696
C57BL6J-2.041,cellina-ablated,astrocyte_Isocortex,50,0.8424969987995199,0.8482304215431213,0.54,1.0,0.54,0.98,0.9987680299349284,29.46391773223877,29.832936096191407,402.83277587890626,5.585054397583008,2778.49853515625,20.900205612182617,0.024724484796700842
C57BL6J-2.041,cellina-ablated,endothelial cell_Fiber_tracts,50,0.6654981992797119,0.9945929646492004,0.12,1.0,0.12,0.9,0.962985274734234,30.156798362731934,30.90001564025879,151.8283721923828,5.275208568572998,3403.670166015625,296.6600341796875,0.009311428764400035
C57BL6J-2.041,cellina-ablated,endothelial cell_Isocortex,50,0.9150060024009604,0.9323737025260925,0.76,1.0,0.76,0.92,0.8413548327876877,30.06448860168457,30.725021362304688,115.47278442382813,5.420671844482422,2832.1884765625,43.951717376708984,0.012742391240648339
C57BL6J-2.041,cellina-ablated,glutamatergic neuron_Fiber_tracts,50,0.7436734693877551,0.8252492547035217,0.28,1.0,0.28,1.0,0.7261273223238287,31.30871238708496,42.62866744995117,653.7189758300781,12.649753856658936,11458.8359375,11.922628402709961,0.16789171373899534
C57BL6J-2.041,cellina-ablated,glutamatergic neuron_Isocortex,50,0.7286914765906362,0.8287384510040283,0.28,1.0,0.28,1.0,0.034274746206101145,33.91435241699219,46.50998153686523,858.3744995117188,18.144395446777345,14719.8486328125,22.774147033691406,0.25877477031964347
C57BL6J-2.041,cellina-ablated,oligodendrocyte_Fiber_tracts,50,0.056806722689075634,0.7430863380432129,0.2,0.9,0.18,0.8,0.9865060240963854,31.781918144226076,32.044746780395506,279.03700561523436,6.771670818328857,5212.2373046875,20.14246940612793,0.01608992038707133
C57BL6J-2.041,cellina-ablated,oligodendrocyte_Isocortex,50,0.3366626650660264,0.510174572467804,0.2,1.0,0.2,0.62,0.9854861434689032,28.602184867858888,29.85828514099121,111.02076416015625,5.30140266418457,5912.0205078125,240.18016052246094,0.014232678061427294
C57BL6J-2.041,cellina-graph,GABAergic neuron_Fiber_tracts,50,0.7195678271308523,0.7283902168273926,0.44,0.7272727272727273,0.32,0.7,0.37510555649383553,36.62514228820801,40.93787879943848,549.1849243164063,9.138543701171875,1290.2177734375,187.44712829589844,0.057104603824330795
C57BL6J-2.041,cellina-graph,GABAergic neuron_Isocortex,50,0.8623769507803122,0.9581010341644287,0.58,1.0,0.58,1.0,0.5533168698873283,35.10290641784668,38.61285400390625,440.4843994140625,9.512086582183837,1124.31689453125,5.652685642242432,0.06669714533307725
C57BL6J-2.041,cellina-graph,astrocyte_Fiber_tracts,50,0.6378391356542618,0.5977187752723694,0.5,0.96,0.48,0.9,0.7646637562968351,33.60698013305664,34.01687889099121,426.5302307128906,6.163781070709229,3451.96533203125,56.8620719909668,0.023809735131313074
C57BL6J-2.041,cellina-graph,astrocyte_Isocortex,50,0.8351020408163264,0.8813814520835876,0.66,1.0,0.66,1.0,0.9327197639283761,36.8612174987793,35.349883270263675,252.87104187011718,8.21349802017212,3006.466064453125,14.909071922302246,0.0144805696530039
C57BL6J-2.041,cellina-graph,endothelial cell_Fiber_tracts,50,0.5911644657863145,0.9942053556442261,0.12,1.0,0.12,0.86,0.8853186699701509,36.297509765625,37.332967376708986,277.3525787353516,7.102552604675293,3424.6748046875,297.24237060546875,0.011299198257715396
C57BL6J-2.041,cellina-graph,endothelial cell_Isocortex,50,0.8836014405762305,0.9347130656242371,0.76,1.0,0.76,0.98,0.7898907689012638,36.228738403320314,37.66693801879883,200.03222045898437,7.667647743225098,2747.937255859375,41.72080612182617,0.009362352432038598
C57BL6J-2.041,cellina-graph,glutamatergic neuron_Fiber_tracts,50,0.6747178871548619,0.815641462802887,0.44,1.0,0.44,0.94,0.7407382635402745,33.1225170135498,45.782568740844724,712.3993286132812,13.526871681213379,11556.978515625,11.356766700744629,0.16997190718583777
C57BL6J-2.041,cellina-graph,glutamatergic neuron_Isocortex,50,0.67750300120048,0.7710555791854858,0.28,1.0,0.28,0.9,0.019412114618358536,36.42545928955078,51.095655059814455,1033.5796875,20.713224029541017,15255.1357421875,26.159313201904297,0.3104927017132136
C57BL6J-2.041,concert,GABAergic neuron_Fiber_tracts,50,0.5453541416566626,0.7018648982048035,0.24,0.9166666666666666,0.22,0.54,0.193717277486911,64.12965240478516,67.05693740844727,1371.871533203125,21.24412593841553,1305.02099609375,202.27098083496094,0.15820529573148526
C57BL6J-2.041,concert,GABAergic neuron_Isocortex,50,0.7969747899159663,0.9248508810997009,0.32,1.0,0.32,0.94,0.34210526315789475,64.31854820251465,67.05934829711914,1550.231640625,25.428712463378908,1187.3607177734375,9.893440246582031,0.24315192949350362
C57BL6J-2.041,concert,astrocyte_Fiber_tracts,50,0.45478991596638657,0.5109655857086182,0.18,0.7777777777777778,0.14,0.6,0.69208770257388,72.76282196044922,73.64290390014648,2019.0419799804688,23.304881286621093,4090.427001953125,74.19404602050781,0.11190618088863215
C57BL6J-2.041,concert,astrocyte_Isocortex,50,0.7835294117647059,0.7660582065582275,0.12,1.0,0.12,0.66,0.09489704565801255,72.88005981445312,72.95321350097656,2040.6669921875,24.209969520568848,3812.2470703125,32.251583099365234,0.1489250728363909
C57BL6J-2.041,concert,endothelial cell_Fiber_tracts,50,0.31111644657863136,0.982570469379425,0.12,1.0,0.12,0.42,0.11178247734138973,74.51016616821289,75.12722625732422,2442.7826171875,24.02137508392334,3299.12255859375,353.12908935546875,0.1614822047388092
C57BL6J-2.041,concert,endothelial cell_Isocortex,50,0.864201680672269,0.9234203100204468,0.68,1.0,0.68,0.8,0.13398402839396628,73.34978332519532,74.049267578125,2259.580224609375,23.76230354309082,2709.723388671875,59.53129959106445,0.14273658769834893
C57BL6J-2.041,concert,glutamatergic neuron_Fiber_tracts,50,0.7093877551020409,0.8503361344337463,0.16,1.0,0.16,0.94,0.275820170109356,62.99964637756348,66.7894790649414,1293.6855224609376,24.046540451049804,12890.5439453125,6.844825267791748,0.15647848817390841
C57BL6J-2.041,concert,glutamatergic neuron_Isocortex,50,0.7876590636254501,0.8857927918434143,0.18,1.0,0.18,0.96,0.02099511072763877,65.68265228271484,67.1191192626953,1310.8176025390626,25.95670528411865,14407.9775390625,15.48000717163086,0.26519544067241113
C57BL6J-2.041,concert,oligodendrocyte_Fiber_tracts,50,0.13959183673469386,0.7294325828552246,0.12,0.8333333333333334,0.1,0.32,0.09734939759036144,80.36394729614258,81.84964141845703,3045.17119140625,21.999768257141113,5287.2666015625,32.210540771484375,0.1262625782744656
C57BL6J-2.041,concert,oligodendrocyte_Isocortex,50,0.2712605042016807,0.533325731754303,0.16,0.625,0.1,0.26,0.2154696132596685,73.97215347290039,75.6971420288086,1971.5572631835937,19.64574432373047,5596.14794921875,284.7480773925781,0.09635747268080792
C57BL6J-2.041,cpa,GABAergic neuron_Fiber_tracts,50,0.7372388955582232,0.725565493106842,0.36,0.7777777777777778,0.28,0.64,0.8962859467841735,28.28099136352539,31.858748626708984,407.9217163085938,7.320371913909912,1314.328857421875,187.6160125732422,0.06460231428419115
C57BL6J-2.041,cpa,GABAergic neuron_Isocortex,50,0.8787034813925569,0.9573876857757568,0.6,1.0,0.6,0.98,0.4757493440345732,27.22514533996582,30.80978927612305,593.2329956054688,7.323704624176026,1044.6259765625,5.625278949737549,0.08107952843788187
C57BL6J-2.041,cpa,astrocyte_Fiber_tracts,50,0.6398559423769506,0.6016408801078796,0.44,0.9545454545454546,0.42,0.9,0.7466867801516417,27.19426498413086,27.399093246459962,494.6345458984375,5.207418823242188,3601.179443359375,57.623844146728516,0.03003294078316161
C57BL6J-2.041,cpa,astrocyte_Isocortex,50,0.8226170468187275,0.8456499576568604,0.56,1.0,0.56,0.98,0.4329225882683574,30.6455509185791,30.731349563598634,320.84083251953126,5.728639316558838,2939.77587890625,19.13395118713379,0.027736869168259563
C57BL6J-2.041,cpa,endothelial cell_Fiber_tracts,50,0.6479231692677071,0.9948816895484924,0.14,1.0,0.14,0.96,0.8263768417905851,25.72898941040039,24.745194244384766,167.15667724609375,4.754770374298095,3345.725830078125,295.54901123046875,0.013438873772925582
C57BL6J-2.041,cpa,endothelial cell_Isocortex,50,0.9092436974789915,0.933724045753479,0.8,1.0,0.8,0.94,0.5680629073218493,25.67812786102295,25.414057540893555,298.5443115234375,5.311599540710449,2586.081298828125,42.04179382324219,0.017651541751581474
C57BL6J-2.041,cpa,glutamatergic neuron_Fiber_tracts,50,0.7676830732292916,0.8827542066574097,0.4,1.0,0.4,0.98,0.2981752528499159,29.70097599029541,40.182651138305665,647.5702270507812,11.547610092163087,11717.2841796875,6.721948146820068,0.11045246160464316
C57BL6J-2.041,cpa,glutamatergic neuron_Isocortex,50,0.8230972388955583,0.9621281623840332,0.62,1.0,0.62,1.0,0.31601902937521276,30.28667755126953,37.861982345581055,323.48944091796875,9.034995460510254,11447.2607421875,9.07570743560791,0.0990117277788887
C57BL6J-2.041,cpa,oligodendrocyte_Fiber_tracts,50,0.26866746698679467,0.7470719218254089,0.46,1.0,0.46,0.88,0.9865060240963854,22.85349750518799,22.580924606323244,205.21634521484376,4.6756720542907715,5359.79443359375,16.137252807617188,0.01259929220390036
C57BL6J-2.041,cpa,oligodendrocyte_Isocortex,50,0.3805522208883553,0.5219374895095825,0.22,1.0,0.22,0.74,0.997122467771639,23.512196731567382,23.530995559692382,178.17466430664064,5.505585670471191,5912.07373046875,227.9146270751953,0.029134409200715337
C57BL6J-2.041,scgen,GABAergic neuron_Fiber_tracts,50,0.6730852340936374,0.7092243432998657,0.22,0.9090909090909091,0.2,0.8,0.8559518508851391,13.938062858581542,19.369242477416993,1041.7397094726562,6.033635807037354,998.0194702148438,171.5177001953125,0.270137348118401
C57BL6J-2.041,scgen,GABAergic neuron_Isocortex,50,0.8106122448979592,0.9131084084510803,0.3,1.0,0.3,0.92,0.5758326902299737,13.671055221557618,19.56284294128418,992.5234191894531,6.845572185516358,1082.8572998046875,11.675518035888672,0.3057674577127228
C57BL6J-2.041,scgen,astrocyte_Fiber_tracts,50,0.6696278511404561,0.6357195973396301,0.04,1.0,0.04,0.84,0.980410996417403,7.933618354797363,8.839037895202637,921.7024047851562,2.786635398864746,3173.152587890625,47.90336608886719,0.31670876844356216
C57BL6J-2.041,scgen,astrocyte_Isocortex,50,0.8070588235294118,0.8657886981964111,0.16,1.0,0.16,1.0,0.9765324726629023,7.912912178039551,9.681984329223633,603.40283203125,2.8655137062072753,2625.220458984375,16.753822326660156,0.3450736069819914
C57BL6J-2.041,scgen,endothelial cell_Fiber_tracts,50,0.5601440576230492,0.9892047643661499,0.18,1.0,0.18,1.0,0.9072276550546479,7.849001121520996,8.46325397491455,446.6948669433594,1.6560682296752929,2803.807861328125,252.5308837890625,0.38381720386651913
C57BL6J-2.041,scgen,endothelial cell_Isocortex,50,0.8581512605042017,0.9348286986351013,0.64,1.0,0.64,0.98,0.3749961753816969,6.402929306030273,7.898638343811035,1185.3767822265625,1.769370937347412,2020.552001953125,39.29907989501953,0.36185719882454553
C57BL6J-2.041,scgen,glutamatergic neuron_Fiber_tracts,50,0.4032172869147658,0.41569000482559204,0.02,1.0,0.02,0.52,0.9651973977834837,13.167032241821289,22.611930465698244,799.4259399414062,10.95920524597168,9032.6435546875,15.894766807556152,0.23339312209817586
C57BL6J-2.041,scgen,glutamatergic neuron_Isocortex,50,0.6732773109243697,0.9131550788879395,0.14,1.0,0.14,1.0,0.6971966940462401,12.993423461914062,23.50435676574707,806.0834411621094,12.112055587768555,12605.7470703125,18.135879516601562,0.2577697092841242
C57BL6J-2.041,scgen,oligodendrocyte_Fiber_tracts,50,0.18194477791116445,0.7535678148269653,0.16,1.0,0.16,0.94,0.36737951807228914,3.948504638671875,5.395180702209473,1350.764501953125,1.5465624809265137,3777.494873046875,12.069175720214844,0.345561444985367
C57BL6J-2.041,scgen,oligodendrocyte_Isocortex,50,0.29603841536614645,0.5385656952857971,0.02,1.0,0.02,0.92,0.6087623976569261,5.446368408203125,7.442994880676269,687.5979858398438,2.188050937652588,4687.09033203125,195.3065185546875,0.2701059568667359
C57BL6J-2.039,mintflow,glutamatergic neuron_Isocortex,50,0.8807202881152462,0.9781947,0.42,1.0,0.42,1.0,0.8160413971539456,56.43901405334473,55.95493354797363,674.7687255859375,18.15372009277344,28394.7,7.7468615,1.4034588530164631
C57BL6J-2.039,mintflow,glutamatergic neuron_Fiber_tracts,50,0.535750300120048,0.894779,0.4,1.0,0.4,1.0,0.9008,56.770901107788085,58.59650077819824,820.457373046875,17.776000785827637,2024.3862,2.8158617,1.3019296774216966
C57BL6J-2.039,mintflow,oligodendrocyte_Isocortex,50,0.577719087635054,0.5794018,0.28,1.0,0.28,0.48,0.1050955414012738,69.53701553344726,68.41958312988281,2016.8089477539063,18.829399490356444,2471.4294,121.254395,3.061555127748408
C57BL6J-2.039,mintflow,oligodendrocyte_Fiber_tracts,50,0.4108043217286914,0.7509496,0.02,1.0,0.02,0.26,0.0472505091649694,77.57276611328125,76.96872100830078,3086.742553710937,23.219840240478515,11095.738,26.629677,1.983133847121666
C57BL6J-2.039,mintflow,astrocyte_Isocortex,50,0.7595198079231693,0.8213394,0.24,1.0,0.24,0.8,0.061003861003861,68.53874206542969,66.52680130004883,1692.9307861328125,23.1435791015625,5109.051,18.159405,2.4905515995736573
C57BL6J-2.039,mintflow,astrocyte_Fiber_tracts,50,0.683361344537815,0.6851052,0.1,1.0,0.1,0.66,0.0267952840300107,68.8423568725586,68.04035339355468,1755.3745239257812,22.71113739013672,3743.0828,25.81148,2.3154365741218133
C57BL6J-2.039,mintflow,GABAergic neuron_Isocortex,50,0.8572869147659063,0.91104865,0.3,1.0,0.3,0.92,0.4073006724303554,57.58797073364258,57.43591461181641,842.1951171875,19.865367889404297,3874.1323,7.2825403,1.6484503043748475
C57BL6J-2.039,mintflow,GABAergic neuron_Fiber_tracts,50,0.6675150060024009,0.7921476,0.26,1.0,0.26,0.94,0.3690205011389522,56.44206275939941,57.51666412353516,928.2599670410156,19.08900737762451,1501.7931,10.118751,1.5936331970976632
C57BL6J-2.039,mintflow,endothelial cell_Isocortex,50,0.8016806722689075,0.8681887,0.36,1.0,0.36,0.64,0.0772292993630573,68.91767196655273,67.22727127075196,1654.3094360351563,21.37426700592041,5072.1714,43.864502,2.1992125132724256
C57BL6J-2.039,mintflow,endothelial cell_Fiber_tracts,50,0.7941896758703482,0.9887645,0.12,0.8333333333333334,0.1,0.14,0.1978609625668449,70.2084228515625,70.01515045166016,1519.1809814453125,19.79075336456299,1713.9209,355.4748,3.3414488932363944
C57BL6J-2.036,mintflow,glutamatergic neuron_Isocortex,50,0.8783193277310924,0.9733714,0.42,1.0,0.42,0.98,0.0577992744860943,57.85200500488281,57.68518218994141,757.4849670410156,18.3694149017334,30392.068,7.8486104,1.4148835626287044
C57BL6J-2.036,mintflow,glutamatergic neuron_Fiber_tracts,50,0.75078031212485,0.8689233,0.36,1.0,0.36,0.96,0.2844638949671772,57.74364318847656,58.62078437805176,801.1539489746094,18.42141170501709,1443.7305,6.4800715,1.5923648225336182
C57BL6J-2.036,mintflow,oligodendrocyte_Isocortex,50,0.5857863145258103,0.5346081,0.28,1.0,0.28,0.52,0.147562582345191,70.24020080566406,69.2602767944336,2155.7412353515624,16.942247009277345,3075.7886,124.13989,3.342547674170643
C57BL6J-2.036,mintflow,oligodendrocyte_Fiber_tracts,50,0.3555822328931572,0.5748254,0.1,0.6,0.06,0.4,0.0437017994858611,77.05142593383789,76.33629684448242,3221.726171875,21.332751083374024,12285.6,32.944733,2.294960967013091
C57BL6J-2.036,mintflow,astrocyte_Isocortex,50,0.7840096038415365,0.7924665,0.22,1.0,0.22,0.8,0.9031578947368422,69.67137451171875,68.07934646606445,1788.8621459960937,21.159548187255854,5664.842,21.221682,3.1078046300485163
C57BL6J-2.036,mintflow,astrocyte_Fiber_tracts,50,0.1660984393757503,0.39774072,0.12,0.8333333333333334,0.1,0.44,0.0309023485784919,69.20843124389648,68.15948333740235,1809.9258178710936,21.34034919738769,3331.7852,156.56523,2.972659565910452
C57BL6J-2.036,mintflow,GABAergic neuron_Isocortex,50,0.9066506602641056,0.96726316,0.56,1.0,0.56,0.96,0.1355343179843614,59.26952934265137,59.4855037689209,972.5816467285156,19.25485439300537,4031.5334,6.3830385,1.8824082979719876
C57BL6J-2.036,mintflow,GABAergic neuron_Fiber_tracts,50,0.8494117647058822,0.90862995,0.6,1.0,0.6,0.98,0.8668478260869565,56.81403732299805,58.89473457336426,1216.9130493164062,19.004642295837403,1306.741,11.040182,1.663907506196522
C57BL6J-2.036,mintflow,endothelial cell_Isocortex,50,0.8998319327731091,0.91971964,0.52,1.0,0.52,0.76,0.1305993690851735,69.11308441162109,68.19104614257813,1801.28115234375,18.19159355163574,6260.2637,35.593845,2.726615953365975
C57BL6J-2.036,mintflow,endothelial cell_Fiber_tracts,50,0.6343817527010803,0.98860425,0.12,1.0,0.12,0.16,0.1359223300970873,69.77842559814454,68.25787353515625,1773.5603149414062,19.35812969207764,1447.8212,362.43607,4.010282196429941
C57BL6J-2.041,mintflow,glutamatergic neuron_Isocortex,50,0.8557503001200479,0.9701111,0.46,1.0,0.46,0.98,0.0513373597929249,56.1471061706543,55.49645919799805,769.1243774414063,18.565369033813475,25684.152,8.227425,1.3912126493638963
C57BL6J-2.041,mintflow,glutamatergic neuron_Fiber_tracts,50,0.7983193277310925,0.9013943,0.36,1.0,0.36,0.96,0.511543134872418,56.180612564086914,58.30761604309082,852.8859741210938,18.992284965515136,2748.6191,2.9710803,1.4247814931057348
C57BL6J-2.041,mintflow,oligodendrocyte_Isocortex,50,0.215750300120048,0.51076096,0.12,0.8333333333333334,0.1,0.22,0.2081031307550644,69.9209373474121,68.88747100830078,2006.398608398437,15.10574836730957,2303.5007,301.55032,3.482336888815005
C57BL6J-2.041,mintflow,oligodendrocyte_Fiber_tracts,50,0.0842737094837935,0.7127281,0.14,0.7142857142857143,0.1,0.38,0.0737349397590361,76.60506744384766,76.55321807861328,3199.3822265625,19.991714096069337,8987.527,35.256493,2.7423571643406564
C57BL6J-2.041,mintflow,astrocyte_Isocortex,50,0.8105162064825929,0.82273644,0.28,1.0,0.28,0.76,0.9194270367054612,66.78777847290038,64.90925025939941,1774.4222900390623,20.081205940246583,4414.0195,29.389498,2.993788524978225
C57BL6J-2.041,mintflow,astrocyte_Fiber_tracts,50,0.4676590636254501,0.5121679,0.16,0.875,0.14,0.64,0.6367969494756911,67.80231094360352,67.30507125854493,1902.3987182617188,21.02419834136963,4254.288,76.743095,2.743407818282789
C57BL6J-2.041,mintflow,GABAergic neuron_Isocortex,50,0.854501800720288,0.9554878,0.36,1.0,0.36,0.98,0.111578947368421,58.26234855651855,58.96876411437988,1144.0154663085937,20.039911651611327,3615.2737,7.1149945,2.0325574932204966
C57BL6J-2.041,mintflow,GABAergic neuron_Fiber_tracts,50,0.6316926770708284,0.71709865,0.34,0.7647058823529411,0.26,0.5,0.5392670157068062,59.90347290039063,61.33655548095703,1077.844970703125,17.967021942138672,720.79395,217.46555,2.661261599901225
C57BL6J-2.041,mintflow,endothelial cell_Isocortex,50,0.9083793517406964,0.9375039,0.74,1.0,0.74,0.84,0.1446317657497781,67.90233993530273,66.30657958984375,1864.4104248046876,17.41664066314697,4440.119,62.460052,2.9292547273654344
C57BL6J-2.041,mintflow,endothelial cell_Fiber_tracts,50,0.4375990396158463,0.9907937,0.12,1.0,0.12,0.2,0.1419939577039275,69.99753494262696,68.86118011474609,2213.9178955078123,19.17130489349365,1561.6226,369.12164,4.331100374028977
C57BL6J-2.036,cellina-pert,glutamatergic neuron_Isocortex,50,0.9060744297719088,0.9617978,0.52,1.0,0.52,1.0,0.463225940047248,40.46851463317872,45.172113037109376,396.5299865722656,11.6160813331604,14443.799,11.232766,0.1127015257528075
C57BL6J-2.036,cellina-pert,glutamatergic neuron_Fiber_tracts,50,0.7102521008403362,0.85978615,0.42,1.0,0.42,0.96,0.9806010993472009,40.34336395263672,48.61424827575684,608.9210144042969,14.553903579711914,11754.47,12.030043,0.2134943287479601
C57BL6J-2.036,cellina-pert,oligodendrocyte_Isocortex,50,0.5817527010804322,0.5018672,0.38,1.0,0.38,0.78,0.883254256886084,32.328440475463864,33.776751327514646,148.23245239257812,7.804713344573974,6844.226,96.03638,0.0148010772796771
C57BL6J-2.036,cellina-pert,oligodendrocyte_Fiber_tracts,50,0.4593997599039615,0.66595113,0.28,1.0,0.28,0.9,0.6315405231882941,35.24440078735351,35.26760063171387,210.82676391601564,8.859165382385253,6859.6753,15.918632,0.0101034827082804
C57BL6J-2.036,cellina-pert,astrocyte_Isocortex,50,0.8835054021608643,0.8963866,0.52,1.0,0.52,0.98,0.9173482378512652,35.834906005859374,35.2666675567627,265.42799377441406,7.877583026885986,3025.9817,9.6029415,0.0193876497044472
C57BL6J-2.036,cellina-pert,astrocyte_Fiber_tracts,50,0.3176470588235294,0.50070035,0.34,0.9411764705882352,0.32,0.72,0.5774539867979819,33.29386825561524,33.867977142333984,409.5212341308594,8.204947566986084,3788.2832,116.923935,0.0274807126842498
C57BL6J-2.036,cellina-pert,GABAergic neuron_Isocortex,50,0.9094357743097236,0.9542023,0.56,1.0,0.56,1.0,0.6943802064700771,41.5928337097168,46.85234565734864,433.2104461669922,12.888460922241212,1411.2725,8.31226,0.1094611909002387
C57BL6J-2.036,cellina-pert,GABAergic neuron_Fiber_tracts,50,0.9001200480192078,0.9259346,0.76,1.0,0.76,1.0,0.8668478260869564,39.2272762298584,43.498847579956056,452.0999389648438,9.298580360412595,794.6876,9.1273775,0.0261253336922922
C57BL6J-2.036,cellina-pert,endothelial cell_Isocortex,50,0.9006002400960382,0.9270713,0.62,1.0,0.62,0.98,0.8030472195154178,35.8947452545166,35.892581939697266,162.02096557617188,9.162090969085693,2864.5986,20.892918,0.010721054084773
C57BL6J-2.036,cellina-pert,endothelial cell_Fiber_tracts,50,0.7198559423769507,0.9943523,0.14,1.0,0.14,0.76,0.8218539792270286,34.61861267089844,34.71408920288086,243.0518096923828,8.504953956604004,3930.5193,289.09665,0.0121940919242964
C57BL6J-2.039,cellina-pert,glutamatergic neuron_Isocortex,50,0.8454741896758703,0.96969336,0.6,1.0,0.6,1.0,0.7248234121421903,38.94439849853516,43.84023399353028,340.4649871826172,10.26519536972046,12861.904,6.957345,0.0999885551299732
C57BL6J-2.039,cellina-pert,glutamatergic neuron_Fiber_tracts,50,0.5795438175270108,0.8116046,0.42,1.0,0.42,1.0,0.3969772223800057,37.64264183044433,46.81042213439942,502.0859130859375,12.43574161529541,15260.992,5.5049834,0.092681245118212
C57BL6J-2.039,cellina-pert,oligodendrocyte_Isocortex,50,0.588859543817527,0.5951093,0.56,1.0,0.56,0.88,0.6785932892382253,29.005138969421388,29.535692596435545,140.5058807373047,7.29813585281372,7379.17,86.912865,0.0194990767787605
C57BL6J-2.039,cellina-pert,oligodendrocyte_Fiber_tracts,50,0.5004081632653061,0.7523382,0.6,1.0,0.6,0.96,0.9001279100692049,29.999836349487303,30.38039436340332,111.32902526855467,8.14548044204712,7586.851,7.9863234,0.00654643579229
C57BL6J-2.039,cellina-pert,astrocyte_Isocortex,50,0.8643937575030012,0.8810083,0.56,1.0,0.56,0.94,0.4284552845528455,30.79999084472656,30.20168609619141,275.005224609375,7.860754585266113,3637.838,10.045531,0.0326791078580769
C57BL6J-2.039,cellina-pert,astrocyte_Fiber_tracts,50,0.8250180072028811,0.79357004,0.6,1.0,0.6,0.94,0.7497477322040101,31.866697311401367,32.322120666503906,380.7622344970703,7.392585945129395,4548.139,14.526677,0.0208423566126504
C57BL6J-2.039,cellina-pert,GABAergic neuron_Isocortex,50,0.904921968787515,0.92607856,0.44,1.0,0.44,1.0,0.5222905828895376,40.52973861694336,44.2504810333252,279.12892456054686,8.564368343353271,1677.0375,6.439427,0.0685214596032056
C57BL6J-2.039,cellina-pert,GABAergic neuron_Fiber_tracts,50,0.6829771908763506,0.79817283,0.34,1.0,0.34,0.98,0.8086560364464692,42.35262832641602,46.66745643615722,354.4361206054688,9.082960891723634,1708.9274,10.691361,0.054291041796387
C57BL6J-2.039,cellina-pert,endothelial cell_Isocortex,50,0.8036974789915966,0.86539656,0.52,1.0,0.52,0.96,0.7830461975289693,30.80807571411133,30.9566032409668,158.248388671875,9.301161956787109,3469.6628,26.54251,0.0233691444239086
C57BL6J-2.039,cellina-pert,endothelial cell_Fiber_tracts,50,0.7837214885954381,0.9926217,0.12,1.0,0.12,0.68,0.8852468698322703,33.21258201599121,33.869024658203124,206.8055145263672,10.235657691955566,5112.635,267.2444,0.0156135359416033
C57BL6J-2.041,cellina-pert,glutamatergic neuron_Isocortex,50,0.8290516206482592,0.9650618,0.64,1.0,0.64,1.0,0.7351419859117891,36.93470649719238,41.408381652832034,408.1621520996094,9.884922218322751,11425.91,7.2305574,0.0989605603835921
C57BL6J-2.041,cellina-pert,glutamatergic neuron_Fiber_tracts,50,0.6733733493397358,0.8394001,0.48,1.0,0.48,0.98,0.6335518637011274,33.953459930419925,43.00233917236328,448.6616149902344,10.488251399993896,11798.266,5.399969,0.0759104645674488
C57BL6J-2.041,cellina-pert,oligodendrocyte_Isocortex,50,0.3276350540216086,0.5023045,0.2,1.0,0.2,0.76,0.8807592247442809,32.03517475128174,32.75812149047852,150.37828063964844,7.937432098388672,5953.296,230.64072,0.0179745234841452
C57BL6J-2.041,cellina-pert,oligodendrocyte_Fiber_tracts,50,0.0634333733493397,0.73583734,0.38,1.0,0.38,0.9,0.9865060240963854,33.333509063720705,32.994868469238284,192.26731872558597,8.866442680358887,5473.387,16.857443,0.0097685332151923
C57BL6J-2.041,cellina-pert,astrocyte_Isocortex,50,0.8421128451380552,0.8649888,0.64,1.0,0.64,0.98,0.5502010126192973,33.870771408081055,33.46741790771485,301.72264099121094,7.372365474700928,3017.363,17.36227,0.0157252256219618
C57BL6J-2.041,cellina-pert,astrocyte_Fiber_tracts,50,0.6585834333733492,0.6039705,0.56,1.0,0.56,0.9,0.6867359220505215,34.70876197814941,34.98497619628906,528.7275451660156,8.022969150543213,3424.5142,56.3588,0.0200326118040529
C57BL6J-2.041,cellina-pert,GABAergic neuron_Isocortex,50,0.8895558223289316,0.96808916,0.58,1.0,0.58,1.0,0.8357400833461954,37.68408050537109,41.5947883605957,247.73619995117187,6.824631404876709,1090.8535,4.6828094,0.0467103612034434
C57BL6J-2.041,cellina-pert,GABAergic neuron_Fiber_tracts,50,0.7205282112845137,0.7447593,0.38,0.8947368421052632,0.34,0.6,0.962306735655832,38.9106029510498,42.84165992736816,251.76329040527344,6.85121898651123,1289.9248,189.98065,0.0220821230135322
C57BL6J-2.041,cellina-pert,endothelial cell_Isocortex,50,0.9142376950780312,0.9331699,0.74,1.0,0.74,0.96,0.8757458005691031,36.12964973449707,36.6576644897461,165.3104034423828,8.381923294067382,2812.5042,44.18707,0.0118553604080717
C57BL6J-2.041,cellina-pert,endothelial cell_Fiber_tracts,50,0.5761824729891956,0.99332154,0.12,1.0,0.12,0.88,0.9388840323040896,35.560933685302736,35.79784965515137,208.9417510986328,8.273889541625977,3415.569,299.81097,0.0086739781289711
C57BL6J-2.036,cellina-gat-pert,glutamatergic neuron_Isocortex,50,0.8866746698679471,0.9730145,0.46,1.0,0.46,0.98,0.4619105199516324,40.55464630126953,48.77140655517578,468.3340148925781,12.355343914031982,14583.825,12.067056,0.1228859806802331
C57BL6J-2.036,cellina-gat-pert,glutamatergic neuron_Fiber_tracts,50,0.7480912364945977,0.8903056,0.44,1.0,0.44,0.98,0.2945327393578332,39.83440704345704,47.69794273376465,634.0330078125,13.787662792205811,12126.066,9.934363,0.1797130833722829
C57BL6J-2.036,cellina-gat-pert,oligodendrocyte_Isocortex,50,0.5979831932773109,0.5595611,0.42,1.0,0.42,0.82,0.9361306261033316,34.360439682006835,34.08330955505371,195.73087463378903,7.886422061920166,6208.421,91.86716,0.0130220654697048
C57BL6J-2.036,cellina-gat-pert,oligodendrocyte_Fiber_tracts,50,0.4680432172869148,0.6197561,0.34,1.0,0.34,0.92,0.8463547446061185,31.09390544891357,30.505385208129884,169.79745483398438,7.202651882171631,6649.6646,15.357898,0.0109058106229388
C57BL6J-2.036,cellina-gat-pert,astrocyte_Isocortex,50,0.89906362545018,0.9138953,0.48,1.0,0.48,0.98,0.9652476323552244,37.6820541381836,37.14026565551758,237.4619598388672,7.223360538482666,3186.092,8.382144,0.0197396347541969
C57BL6J-2.036,cellina-gat-pert,astrocyte_Fiber_tracts,50,0.3673949579831932,0.509459,0.32,0.875,0.28,0.74,0.7540197361784157,35.61687049865723,36.00921096801758,407.6616271972656,6.381466865539551,3809.7097,117.601524,0.0297374088721437
C57BL6J-2.036,cellina-gat-pert,GABAergic neuron_Isocortex,50,0.9393037214885952,0.96978986,0.62,1.0,0.62,1.0,0.7126284049675474,41.79111824035645,46.53196487426758,369.1164611816406,9.346221256256104,1314.3083,5.953345,0.0733327255636262
C57BL6J-2.036,cellina-gat-pert,GABAergic neuron_Fiber_tracts,50,0.8644897959183673,0.91110665,0.66,1.0,0.66,0.98,0.8668478260869564,40.03403244018555,43.54397430419922,733.8778442382812,9.182113075256348,866.79816,11.780052,0.0534778197041223
C57BL6J-2.036,cellina-gat-pert,endothelial cell_Isocortex,50,0.9253781512605042,0.93527716,0.7,1.0,0.7,0.96,0.9791459527309364,35.88964958190918,37.05685920715332,227.8815216064453,7.303940868377685,2730.0007,19.017105,0.0078627319137199
C57BL6J-2.036,cellina-gat-pert,endothelial cell_Fiber_tracts,50,0.6678031212484994,0.9900219,0.14,1.0,0.14,0.86,0.7573874514986699,32.6324348449707,33.32836761474609,290.2903778076172,6.393074703216553,3890.7512,277.8509,0.0090235705785889
C57BL6J-2.039,cellina-gat-pert,glutamatergic neuron_Isocortex,50,0.836830732292917,0.94892114,0.46,1.0,0.46,0.98,0.7026096240887699,40.26986808776856,48.40648727416992,545.057666015625,13.178541469573975,14623.752,12.437941,0.169185346751468
C57BL6J-2.039,cellina-gat-pert,glutamatergic neuron_Fiber_tracts,50,0.5119327731092437,0.8246208,0.42,1.0,0.42,0.98,0.4723330871911389,40.05113945007325,48.519778442382815,614.8331909179688,11.52048463821411,15648.946,7.181425,0.1080931498161253
C57BL6J-2.039,cellina-gat-pert,oligodendrocyte_Isocortex,50,0.5830012004801921,0.5857064,0.54,1.0,0.54,0.86,0.6031548285583636,28.643634223937987,29.88513641357422,220.52266845703124,6.105720043182373,7285.9194,84.75934,0.0167468758030192
C57BL6J-2.039,cellina-gat-pert,oligodendrocyte_Fiber_tracts,50,0.5129891956782713,0.7715418,0.52,1.0,0.52,0.98,0.9964344060816576,30.14313621520996,30.727435684204103,143.24523315429687,6.835556316375732,7639.3857,7.7616096,0.0074873038132104
C57BL6J-2.039,cellina-gat-pert,astrocyte_Isocortex,50,0.8801440576230493,0.90231,0.66,1.0,0.66,0.98,0.9235646796622408,31.882940101623536,31.666340255737303,251.48973693847657,6.409357643127441,3784.7097,7.6810784,0.020145718911173
C57BL6J-2.039,cellina-gat-pert,astrocyte_Fiber_tracts,50,0.8376950780312125,0.8068752,0.62,1.0,0.62,0.96,0.8078372938070216,32.410404205322266,33.684564208984376,391.3634338378906,6.193736362457275,4659.6855,13.700015,0.0329907177542672
C57BL6J-2.039,cellina-gat-pert,GABAergic neuron_Isocortex,50,0.8717887154861945,0.9507085,0.5,1.0,0.5,0.98,0.7329490874159462,38.01931648254394,43.59873962402344,270.41526184082034,6.976181602478027,1480.5087,4.575685,0.0514169922973672
C57BL6J-2.039,cellina-gat-pert,GABAergic neuron_Fiber_tracts,50,0.6888355342136855,0.7805865,0.28,1.0,0.28,0.9,0.8086560364464692,37.53178939819336,44.430985641479495,510.186148071289,8.836641979217529,1701.6005,12.125977,0.0736769737833211
C57BL6J-2.039,cellina-gat-pert,endothelial cell_Isocortex,50,0.836830732292917,0.87822783,0.62,1.0,0.62,0.98,0.9065721484664774,33.142363739013675,33.86745147705078,247.23839111328124,7.089895629882813,3580.4734,25.374826,0.0153365055701637
C57BL6J-2.039,cellina-gat-pert,endothelial cell_Fiber_tracts,50,0.7696998799519807,0.9921854,0.14,0.8571428571428571,0.12,0.52,0.9969879518072288,34.204964828491214,35.09675331115723,280.58025512695315,6.9806774139404295,5097.048,274.3963,0.0109880886936738
C57BL6J-2.041,cellina-gat-pert,glutamatergic neuron_Isocortex,50,0.8273229291716686,0.9619204,0.54,1.0,0.54,1.0,0.9322929447245728,38.80385551452637,45.88867416381836,379.775048828125,9.694107818603516,11810.219,9.163165,0.1054057987687469
C57BL6J-2.041,cellina-gat-pert,glutamatergic neuron_Fiber_tracts,50,0.6759663865546219,0.8714065,0.48,1.0,0.48,1.0,0.7818441023430601,37.69504928588867,47.60238609313965,554.8912780761718,11.42542839050293,12136.468,5.2089686,0.0836569243182406
C57BL6J-2.041,cellina-gat-pert,astrocyte_Isocortex,50,0.8439375750300119,0.87757283,0.68,1.0,0.68,1.0,0.9691530249990942,34.35087432861328,33.86233711242676,228.1007751464844,6.974655342102051,2917.364,15.57176,0.0130778509380414
C57BL6J-2.041,cellina-gat-pert,astrocyte_Fiber_tracts,50,0.6154621848739495,0.578879,0.5,0.92,0.46,0.88,0.7655154111893337,34.55582122802734,35.033124160766604,485.7864929199219,6.239514827728272,3727.4346,58.622147,0.0254884499201855
C57BL6J-2.041,cellina-gat-pert,GABAergic neuron_Isocortex,50,0.8638175270108043,0.94249105,0.56,1.0,0.56,1.0,0.3822657817564438,35.10158157348633,39.80110092163086,476.2024719238281,9.744821262359618,1196.9093,8.070479,0.0832723939883535
C57BL6J-2.041,cellina-gat-pert,GABAergic neuron_Fiber_tracts,50,0.7350300120048018,0.736513,0.42,0.8571428571428571,0.36,0.7,0.3832737099077244,37.09313201904297,41.72632789611816,484.05537109375,8.940343856811523,1329.4528,188.18741,0.0416666932804787
C57BL6J-2.041,cellina-gat-pert,endothelial cell_Isocortex,50,0.8947418967587035,0.93125796,0.74,1.0,0.74,0.98,0.69788575100205,35.388326263427736,37.02060470581055,217.99920654296875,7.38656530380249,2878.0205,42.30571,0.0131769793936103
C57BL6J-2.041,cellina-gat-pert,endothelial cell_Fiber_tracts,50,0.4596878751500599,0.9941854,0.12,1.0,0.12,0.9,0.9091934395340094,37.090325927734376,38.32130851745605,317.0171173095703,7.142576503753662,3412.1707,304.33884,0.0123684713630392
C57BL6J-2.036,spatialprop-pert,glutamatergic neuron_Isocortex,50,0.6142136854741896,0.72869337,0.0,0.0,0.0,0.88,0.548851269649335,39.01291580200196,51.810628509521486,892.1089416503906,33.13372611999512,17829.945,44.098156,11.84842273878142
C57BL6J-2.036,spatialprop-pert,glutamatergic neuron_Fiber_tracts,50,0.5724369747899161,0.52179617,0.0,0.0,0.0,0.72,0.5404814004376368,40.68103218078613,52.91517143249512,856.4876403808594,33.00735244750977,1031.6145,59.48092,14.214580972590024
C57BL6J-2.036,spatialprop-pert,GABAergic neuron_Isocortex,50,0.6581172139828632,0.6728749,0.02,1.0,0.02,0.68,0.9991311902693312,34.09315490722656,45.98072624206543,653.5836486816406,29.71685848236084,2362.7476,169.07387,21.28166516666106
C57BL6J-2.036,spatialprop-pert,GABAergic neuron_Fiber_tracts,50,0.7037214885954381,0.7101661,0.0,0.0,0.0,0.74,0.1168478260869565,31.559021186828613,46.262302780151366,542.5287475585938,25.66342258453369,794.3389,75.56358,6.815811658490792
C57BL6J-2.036,spatialprop-pert,astrocyte_Isocortex,50,0.721968787515006,0.7175933,0.06,1.0,0.06,0.86,0.0035087719298245,53.017866897583005,58.3564453125,846.5038146972656,32.4298698425293,3864.4792,59.30648,6.965600929662935
C57BL6J-2.036,spatialprop-pert,astrocyte_Fiber_tracts,50,0.5413205282112845,0.596794,0.06,1.0,0.06,0.84,0.0024721878862793,53.784794616699216,57.923377227783206,858.3599060058593,32.757798767089845,1744.8446,62.794346,5.854118724434503
C57BL6J-2.036,spatialprop-pert,oligodendrocyte_Isocortex,50,0.6979591836734693,0.6514088,0.04,1.0,0.04,0.96,0.997364953886693,49.70661087036133,58.34993324279785,816.6793579101562,30.65775547027588,2285.542,55.26071,9.210680330007762
C57BL6J-2.036,spatialprop-pert,oligodendrocyte_Fiber_tracts,50,-0.0947418967587034,0.04078362,0.02,1.0,0.02,0.72,0.0047741461623209,54.4004093170166,62.783524703979495,1267.4333251953126,41.86790313720703,8581.638,56.29148,11.966404453536322
C57BL6J-2.036,spatialprop-pert,endothelial cell_Isocortex,50,0.7817714713290892,0.77577025,0.06,1.0,0.06,0.92,0.0189274447949526,51.66973571777344,57.14375610351563,763.3424987792969,33.233053588867186,3798.5225,100.56707,9.50023025608697
C57BL6J-2.036,spatialprop-pert,endothelial cell_Fiber_tracts,50,0.2729891956782713,0.78548366,0.12,1.0,0.12,0.94,0.9967637540453076,44.767386245727536,49.45528869628906,807.7553955078125,31.22675666809082,537.1155,98.75241,7.870654901449805
C57BL6J-2.039,spatialprop-pert,glutamatergic neuron_Isocortex,50,0.6276590636254502,0.7410136,0.0,0.0,0.0,0.96,0.4403622250970246,38.49047966003418,54.97941627502441,530.2181121826172,27.02675895690918,18424.086,13.861853,6.356286604930973
C57BL6J-2.039,spatialprop-pert,glutamatergic neuron_Fiber_tracts,50,0.4460504201680672,0.6856829,0.0,0.0,0.0,0.8,0.8992,38.71322402954102,55.70243835449219,561.0102661132812,28.19263324737549,1275.5417,32.36734,6.778373294033472
C57BL6J-2.039,spatialprop-pert,GABAergic neuron_Isocortex,50,0.5330612244897959,0.5904322,0.1,0.6,0.06,0.8,0.0086455331412103,45.53236541748047,52.38447265625,437.7916015625,26.144837188720704,2330.8667,92.338615,11.797096157997965
C57BL6J-2.039,spatialprop-pert,GABAergic neuron_Fiber_tracts,50,0.5054021608643458,0.6431385,0.04,1.0,0.04,0.62,0.2391799544419134,38.96987648010254,53.01284980773926,479.61542053222655,27.066212463378907,1072.0555,45.771782,7.306052086150618
C57BL6J-2.039,spatialprop-pert,astrocyte_Isocortex,50,0.6793277310924369,0.5489067,0.04,1.0,0.04,0.86,0.02007722007722,47.59021949768066,53.09746856689453,639.6663269042969,29.679662704467773,3196.9185,60.800003,4.597357462694129
C57BL6J-2.039,spatialprop-pert,astrocyte_Fiber_tracts,50,0.5431452581032412,0.52901995,0.08,1.0,0.08,0.78,0.9989281886387996,54.672254180908205,58.006564712524415,658.476025390625,27.691930198669432,2600.62,50.62043,2.876554728269106
C57BL6J-2.039,spatialprop-pert,oligodendrocyte_Isocortex,50,0.7671068427370948,0.79261833,0.06,1.0,0.06,0.98,0.998407643312102,59.640961456298825,63.31711196899414,771.0227172851562,33.12265625,1692.3999,33.405224,9.870531396394664
C57BL6J-2.039,spatialprop-pert,oligodendrocyte_Fiber_tracts,50,0.4156062424969988,0.4074237,0.0,0.0,0.0,0.86,0.0077393075356415,47.16053848266601,59.83898696899414,1198.2390747070312,42.63884620666504,6503.2534,26.999641,9.283828388977078
C57BL6J-2.039,spatialprop-pert,endothelial cell_Isocortex,50,0.6884513805522209,0.7068226,0.02,1.0,0.02,0.92,0.0039808917197452,54.510149765014646,59.21720161437988,753.1943237304688,33.13841228485107,3618.2864,58.635696,8.332521079242335
C57BL6J-2.039,spatialprop-pert,endothelial cell_Fiber_tracts,50,0.1969267707082833,0.83361024,0.18,1.0,0.18,0.98,0.0106951871657754,53.42584075927734,59.3499813079834,638.4960876464844,27.477548789978027,600.56,92.65514,4.212886433606286
C57BL6J-2.041,spatialprop-pert,glutamatergic neuron_Isocortex,50,0.4845618247298919,0.6403825,0.08,1.0,0.08,0.76,0.50862812769629,42.09772644042969,50.14249877929687,1324.1652221679688,43.74612884521484,17123.805,85.399216,25.050409692482827
C57BL6J-2.041,spatialprop-pert,glutamatergic neuron_Fiber_tracts,50,0.558703481392557,0.63038987,0.04,1.0,0.04,0.48,0.3207776427703523,42.98972511291504,52.196488571167,937.7378356933592,38.52114028930664,1603.5018,91.348816,18.719415540436948
C57BL6J-2.041,spatialprop-pert,GABAergic neuron_Isocortex,50,0.6121008403361343,0.6885193,0.04,1.0,0.04,0.74,0.4021052631578947,26.66943206787109,39.95406379699707,702.9821228027344,25.93540840148926,2016.5123,113.64773,19.025946417044693
C57BL6J-2.041,spatialprop-pert,GABAergic neuron_Fiber_tracts,50,0.5659063625450179,0.7058128,0.06,1.0,0.06,0.82,0.743455497382199,23.730710983276367,40.33115768432617,944.513671875,29.149208068847656,321.39374,92.36155,17.5126714754079
C57BL6J-2.041,spatialprop-pert,astrocyte_Isocortex,50,0.6067226890756302,0.76412,0.02,1.0,0.02,0.98,0.0161145926589077,41.16065940856934,46.26425895690918,726.5278869628906,26.490017318725585,2702.7883,50.705254,7.716470233245551
C57BL6J-2.041,spatialprop-pert,astrocyte_Fiber_tracts,50,0.638703481392557,0.697145,0.02,1.0,0.02,0.84,0.996186844613918,49.30368232727051,55.55546646118164,794.8724853515625,27.981246185302734,2654.4517,42.84077,4.916897497634282
C57BL6J-2.041,spatialprop-pert,oligodendrocyte_Isocortex,50,0.3804561824729892,0.72095025,0.04,1.0,0.04,1.0,0.154696132596685,51.09480247497559,57.07767524719238,763.4523681640625,26.42510852813721,1123.4539,77.272385,8.260915180146547
C57BL6J-2.041,spatialprop-pert,oligodendrocyte_Fiber_tracts,50,0.2916206482593036,0.5468714,0.02,1.0,0.02,0.76,0.0313253012048192,60.95734786987305,66.08002243041992,971.2566833496094,27.55300025939941,7102.74,40.809776,5.324323427914955
C57BL6J-2.041,spatialprop-pert,endothelial cell_Isocortex,50,0.7278271308523409,0.8506665,0.02,1.0,0.02,0.98,0.0177462289263531,47.16822738647461,54.01336708068848,644.2786010742187,25.942026138305664,2184.0352,98.25817,7.386982599401698
C57BL6J-2.041,spatialprop-pert,endothelial cell_Fiber_tracts,50,0.4115726290516207,0.83951974,0.08,1.0,0.08,0.94,0.9969788519637462,47.26296501159668,53.77389106750488,610.4891723632812,25.95453338623047,625.2364,145.91061,6.7524061565001885
