sid,model_name,holdout_celltype,n_deg,spearman,pearson,precision,direction_match,direction_match_k,direction_match_gt,mixing_index,edistance_global,edistance_local,edistance_pca,edistance_pca_log,rmse,mse_lfc
C57BL6J-2.036,baseline,GABAergic neuron_Fiber_tracts,50,0.5747829453766554,0.6767534017562866,0.0,0.0,0.0,0.08,0.019021739130434784,42.347550582885745,43.229743576049806,1522.1217895507812,27.050253105163574,613.618408203125,398.2930908203125
C57BL6J-2.036,baseline,GABAergic neuron_Isocortex,50,0.6562969673530293,0.6728872060775757,0.2,0.9,0.18,0.6,0.2936576889661164,48.11007499694824,52.50192146301269,1118.6183715820312,29.387819290161133,1490.1943359375,180.1994171142578
C57BL6J-2.036,baseline,astrocyte_Fiber_tracts,50,0.30195202774676366,0.3540131747722626,0.18,1.0,0.18,0.82,0.06970014086852312,38.6577751159668,37.84070091247558,1407.8420043945312,17.100988388061523,1868.8770751953125,152.41355895996094
C57BL6J-2.036,baseline,astrocyte_Isocortex,50,0.7748565393959572,0.7152607440948486,0.26,1.0,0.26,0.84,0.0,64.6021339416504,66.65721893310547,2111.27373046875,36.88513832092285,2971.76025390625,154.59823608398438
C57BL6J-2.036,baseline,endothelial cell_Fiber_tracts,50,0.7423151030583237,0.6626921892166138,0.06,1.0,0.06,0.86,0.0032362459546925564,43.56898307800293,43.79490737915039,1866.0057495117187,21.782019233703615,1668.5394287109375,96.19873809814453
C57BL6J-2.036,baseline,endothelial cell_Isocortex,50,0.7069855893258635,0.7114426493644714,0.3,1.0,0.3,0.7,0.00883280757097792,63.09715347290039,65.9859001159668,2117.2861450195314,32.989824295043945,2046.428955078125,163.80303955078125
C57BL6J-2.036,baseline,glutamatergic neuron_Fiber_tracts,50,0.2167106842737095,0.10829062759876251,0.1,1.0,0.1,0.3,0.9480403454481892,45.71412963867188,45.58447074890137,1308.6182006835938,30.847026824951172,4988.2451171875,293.9560241699219
C57BL6J-2.036,baseline,glutamatergic neuron_Isocortex,50,0.46468187274909956,0.47983452677726746,0.26,0.9230769230769231,0.24,0.74,0.008706166868198308,52.57396278381348,57.04909057617188,940.6777465820312,36.30237884521485,16049.1962890625,172.51251220703125
C57BL6J-2.036,baseline,oligodendrocyte_Fiber_tracts,50,0.2819207683073229,0.3467221260070801,0.24,1.0,0.24,0.9,0.02644142489900845,46.319190979003906,47.38285827636719,2057.5488525390624,17.654286193847657,2057.15380859375,118.02001190185547
C57BL6J-2.036,baseline,oligodendrocyte_Isocortex,50,0.5659063625450179,0.39681196212768555,0.16,1.0,0.16,0.9,0.10408432147562584,61.0333854675293,64.37157554626465,2445.424365234375,31.050720405578613,4868.89794921875,141.36936950683594
C57BL6J-2.036,cellina-ablated,GABAergic neuron_Fiber_tracts,50,0.8224249699879952,0.9109387993812561,0.6,1.0,0.6,0.98,0.8641304347826086,32.08834819793701,36.103600311279294,635.25712890625,8.06480360031128,920.6806030273438,13.055380821228027
C57BL6J-2.036,cellina-ablated,GABAergic neuron_Isocortex,50,0.9156782713085234,0.9431757926940918,0.58,1.0,0.58,1.0,0.5606314202483773,35.56512870788574,42.67367668151856,434.795361328125,10.837314128875732,1440.6448974609375,10.275843620300293
C57BL6J-2.036,cellina-ablated,astrocyte_Fiber_tracts,50,0.3186074429771909,0.5158753991127014,0.28,0.8571428571428571,0.24,0.74,0.6037498495903387,28.816482162475587,29.955521392822266,434.1847290039062,6.214462184906006,3784.613525390625,117.58428955078125
C57BL6J-2.036,cellina-ablated,astrocyte_Isocortex,50,0.8874429771908763,0.8855072259902954,0.52,1.0,0.52,0.98,0.9540112818920458,29.670825004577637,30.021436309814455,198.73759765625,5.4547466278076175,3022.2978515625,10.432583808898926
C57BL6J-2.036,cellina-ablated,endothelial cell_Fiber_tracts,50,0.6746218487394957,0.994007408618927,0.12,1.0,0.12,0.76,0.9539216184618512,29.408161926269532,30.311600112915038,205.9262664794922,5.595926761627197,3858.561767578125,291.0486145019531
C57BL6J-2.036,cellina-ablated,endothelial cell_Isocortex,50,0.9071308523409364,0.9290761351585388,0.66,1.0,0.66,0.96,0.9215279039423919,31.243850708007812,31.214999389648437,117.36934814453124,5.225676441192627,2745.392822265625,20.911535263061523
C57BL6J-2.036,cellina-ablated,glutamatergic neuron_Fiber_tracts,50,0.6607923169267707,0.7628965973854065,0.36,1.0,0.36,0.98,0.35847980252269496,34.995300674438475,46.44241142272949,862.2038940429687,17.360136604309083,10526.87890625,16.716136932373047
C57BL6J-2.036,cellina-ablated,glutamatergic neuron_Isocortex,50,0.8289555822328931,0.9358782768249512,0.36,1.0,0.36,0.98,0.023066148534641204,35.6550350189209,47.94262924194336,817.1770935058594,19.16725025177002,16405.19140625,21.11840057373047
C57BL6J-2.036,cellina-ablated,oligodendrocyte_Fiber_tracts,50,0.3701800720288115,0.7025454640388489,0.12,1.0,0.12,0.9,0.7081860503459224,27.340457916259766,27.796974182128906,157.82137451171874,7.046276092529297,6366.744140625,20.054481506347656
C57BL6J-2.036,cellina-ablated,oligodendrocyte_Isocortex,50,0.5939495798319328,0.5175655484199524,0.46,0.9565217391304348,0.44,0.76,0.8233742124729415,27.276937866210936,28.005229949951172,106.58106079101563,5.591442489624024,6535.837890625,97.86730194091797
C57BL6J-2.036,cellina,GABAergic neuron_Fiber_tracts,50,0.9379591836734693,0.9268542528152466,0.78,1.0,0.78,0.98,0.8742007672634271,35.6804931640625,41.13733139038086,484.6492004394531,7.277032852172852,801.6226806640625,8.770560264587402
C57BL6J-2.036,cellina,GABAergic neuron_Isocortex,50,0.9431452581032412,0.9794134497642517,0.64,1.0,0.64,1.0,0.6889661164205039,41.38967933654785,46.02684097290039,404.36089782714845,8.64268913269043,1263.779541015625,3.862715244293213
C57BL6J-2.036,cellina,astrocyte_Fiber_tracts,50,0.3327250900360144,0.48209115862846375,0.42,0.9047619047619048,0.38,0.68,0.628695367868607,32.91210784912109,34.27541809082031,382.00615844726565,5.59148473739624,3718.003173828125,121.27864074707031
C57BL6J-2.036,cellina,astrocyte_Isocortex,50,0.9034813925570228,0.894418478012085,0.54,1.0,0.54,0.96,0.5478548879573566,36.94502182006836,35.9407455444336,298.3700714111328,6.9716894149780275,3115.4638671875,9.294144630432129
C57BL6J-2.036,cellina,endothelial cell_Fiber_tracts,50,0.7546218487394958,0.9936398863792419,0.14,1.0,0.14,0.86,0.7901819752960911,31.81661911010742,32.50294456481934,265.0710113525391,6.416701889038086,3918.341796875,284.5398254394531
C57BL6J-2.036,cellina,endothelial cell_Isocortex,50,0.9098199279711884,0.9305684566497803,0.7,1.0,0.7,0.98,0.862833005764117,33.98798370361328,34.558105850219725,193.8358642578125,6.673654460906983,2775.978271484375,19.916885375976562
C57BL6J-2.036,cellina,glutamatergic neuron_Fiber_tracts,50,0.8379831932773109,0.9443346261978149,0.6,1.0,0.6,1.0,0.9962055232409797,36.353401565551756,41.72261695861816,294.4606018066406,7.816963577270508,11514.5087890625,3.1700055599212646
C57BL6J-2.036,cellina,glutamatergic neuron_Isocortex,50,0.915486194477791,0.9799531698226929,0.64,1.0,0.64,1.0,0.4643142109057729,38.85013122558594,41.657069778442384,232.7704071044922,6.962832927703857,12370.0185546875,4.319006443023682
C57BL6J-2.036,cellina,oligodendrocyte_Fiber_tracts,50,0.49589435774309715,0.6641515493392944,0.38,1.0,0.38,0.9,0.8645573266644481,33.12062587738037,33.6680965423584,177.89699096679686,7.16057071685791,6981.5546875,15.414494514465332
C57BL6J-2.036,cellina,oligodendrocyte_Isocortex,50,0.5828091236494598,0.5089103579521179,0.44,0.9545454545454546,0.42,0.76,0.9208642349719244,34.470537185668945,35.09389038085938,211.9709442138672,7.5761748313903805,6836.74609375,97.4305648803711
C57BL6J-2.036,cellina-graph,GABAergic neuron_Fiber_tracts,50,0.8881152460984393,0.9209879636764526,0.7,1.0,0.7,0.98,0.8668478260869564,40.8128360748291,45.291466522216794,647.0365905761719,9.048560428619385,815.3378295898438,9.729057312011719
C57BL6J-2.036,cellina-graph,GABAergic neuron_Isocortex,50,0.9396878751500599,0.9808308482170105,0.6,1.0,0.6,1.0,0.6909049675474012,44.56857872009277,48.80504722595215,499.4305786132812,11.6715651512146,1239.7591552734375,3.634737014770508
C57BL6J-2.036,cellina-graph,astrocyte_Fiber_tracts,50,0.3506842737094838,0.4980476498603821,0.42,0.9047619047619048,0.38,0.7,0.7355074973898605,35.345668411254884,37.04917755126953,366.09955139160155,5.950417709350586,3527.3740234375,119.25296783447266
C57BL6J-2.036,cellina-graph,astrocyte_Isocortex,50,0.9191356542617046,0.9121586680412292,0.66,1.0,0.66,0.98,0.9385602649692076,35.640913009643555,35.07022666931152,217.3637237548828,7.372206306457519,2905.9140625,7.362884521484375
C57BL6J-2.036,cellina-graph,endothelial cell_Fiber_tracts,50,0.6906602641056422,0.9931581616401672,0.14,1.0,0.14,0.76,0.7047137362544265,35.48537483215332,36.718377685546876,342.3678741455078,6.8637847900390625,3939.38134765625,288.7926330566406
C57BL6J-2.036,cellina-graph,endothelial cell_Isocortex,50,0.9130852340936374,0.9370959997177124,0.76,1.0,0.76,0.96,0.8141328224354634,38.36748275756836,40.380662536621095,265.52772216796876,8.614028358459473,2696.01708984375,18.193161010742188
C57BL6J-2.036,cellina-graph,glutamatergic neuron_Fiber_tracts,50,0.7061224489795918,0.8708289861679077,0.44,1.0,0.44,0.98,0.3676293507575625,40.13951416015625,47.06440963745117,547.34423828125,11.591761493682862,12164.4814453125,8.016337394714355
C57BL6J-2.036,cellina-graph,glutamatergic neuron_Isocortex,50,0.9282593037214885,0.9862189292907715,0.74,1.0,0.74,1.0,0.8344248730308577,36.90352554321289,42.06884613037109,262.9921630859375,7.691247749328613,11202.55859375,2.2493436336517334
C57BL6J-2.036,cellina-graph,oligodendrocyte_Fiber_tracts,50,0.5037695078031212,0.6315114498138428,0.32,1.0,0.32,0.94,0.4826892082313443,35.24124374389648,35.531032180786134,378.34119567871096,7.368903255462646,6904.3271484375,15.557297706604004
C57BL6J-2.036,cellina-graph,oligodendrocyte_Isocortex,50,0.6103721488595437,0.5379727482795715,0.46,1.0,0.46,0.8,0.7924688143044406,38.38341445922852,38.17709465026856,305.25151977539065,8.94724349975586,6146.7607421875,94.50896453857422
C57BL6J-2.036,cpa,GABAergic neuron_Fiber_tracts,50,0.8289555822328931,0.9030038118362427,0.62,1.0,0.62,0.96,0.8678069053708439,29.09594554901123,33.83552474975586,651.0108459472656,9.253642559051514,819.8355712890625,14.009464263916016
C57BL6J-2.036,cpa,GABAergic neuron_Isocortex,50,0.9345018007202881,0.9649730920791626,0.6,1.0,0.6,1.0,0.523061787703787,33.73407821655273,37.93322982788086,380.6640258789063,9.708656501770019,1328.289794921875,6.959611415863037
C57BL6J-2.036,cpa,astrocyte_Fiber_tracts,50,0.31812725090036015,0.49135151505470276,0.34,0.8823529411764706,0.3,0.76,0.6502717097354856,27.15865879058838,27.118252182006835,441.9632141113281,5.365078258514404,3942.993896484375,116.44811248779297
C57BL6J-2.036,cpa,astrocyte_Isocortex,50,0.8562304921968786,0.87696373462677,0.5,1.0,0.5,1.0,0.9495150856492264,28.194029998779296,27.341737747192383,254.90328979492188,5.570471954345703,2895.9462890625,10.135732650756836
C57BL6J-2.036,cpa,endothelial cell_Fiber_tracts,50,0.6029771908763506,0.9916009902954102,0.14,1.0,0.14,0.5,0.4374989410189939,29.920215797424316,30.70224075317383,372.3324279785156,5.003807830810547,3789.246826171875,301.72650146484375
C57BL6J-2.036,cpa,endothelial cell_Isocortex,50,0.9083793517406963,0.9319106340408325,0.66,1.0,0.66,0.96,0.8537640180355757,27.78142852783203,27.896709823608397,97.49017639160157,5.02733211517334,2654.6318359375,18.83694076538086
C57BL6J-2.036,cpa,glutamatergic neuron_Fiber_tracts,50,0.7415606242496998,0.8944885730743408,0.28,1.0,0.28,0.98,0.7818747091497766,31.11763572692871,39.54659843444824,565.3935241699219,11.981004619598389,11963.9345703125,8.264451026916504
C57BL6J-2.036,cpa,glutamatergic neuron_Isocortex,50,0.8680432172869147,0.9450157284736633,0.58,1.0,0.58,0.98,0.39863946150857904,33.02628059387207,38.739125442504886,447.29200439453126,9.576589775085449,13209.4267578125,7.305663585662842
C57BL6J-2.036,cpa,oligodendrocyte_Fiber_tracts,50,0.4332773109243698,0.638424813747406,0.34,1.0,0.34,0.92,0.5737901448265568,24.300051116943358,22.792976760864256,163.44090576171874,4.851889324188233,6486.74169921875,14.98034381866455
C57BL6J-2.036,cpa,oligodendrocyte_Isocortex,50,0.5554381752701081,0.47912564873695374,0.42,1.0,0.42,0.74,0.8410851644564528,22.516625595092773,22.254752349853515,95.38237915039062,4.7834125518798825,6362.4892578125,95.9494857788086
C57BL6J-2.036,scgen,GABAergic neuron_Fiber_tracts,50,0.8149339735894358,0.9099801182746887,0.38,1.0,0.38,0.88,0.21755115089514065,16.499582862854005,16.64834327697754,1228.5781860351562,6.954385375976562,595.9528198242188,22.381818771362305
C57BL6J-2.036,scgen,GABAergic neuron_Isocortex,50,0.886578631452581,0.9121120572090149,0.46,1.0,0.46,0.9,0.3764341748862881,17.919836616516115,24.71430778503418,1105.1691528320312,10.039751052856445,1549.35693359375,19.460365295410156
C57BL6J-2.036,scgen,astrocyte_Fiber_tracts,50,0.40484993997599034,0.5650806427001953,0.2,1.0,0.2,0.84,0.9008001186261247,10.186113739013672,9.933304977416991,810.045458984375,3.1195023536682127,3134.677978515625,96.29185485839844
C57BL6J-2.036,scgen,astrocyte_Isocortex,50,0.8415366146458583,0.8702468276023865,0.14,1.0,0.14,0.98,0.9986772240335352,9.909908676147461,11.77660026550293,570.3010375976562,3.4273197174072267,2426.558837890625,11.88284683227539
C57BL6J-2.036,scgen,endothelial cell_Fiber_tracts,50,0.45767106842737093,0.9833039045333862,0.2,1.0,0.2,0.94,0.6849277351361426,8.922142028808594,9.440103530883789,500.64393310546876,2.4340499877929687,3115.525146484375,249.27386474609375
C57BL6J-2.036,scgen,endothelial cell_Isocortex,50,0.9056902761104442,0.928356945514679,0.42,1.0,0.42,1.0,0.4600459147439179,7.507701873779297,8.727837753295898,929.6484985351562,2.291261577606201,1996.038330078125,20.164636611938477
C57BL6J-2.036,scgen,glutamatergic neuron_Fiber_tracts,50,0.5515006002400961,0.5464938282966614,0.06,0.6666666666666666,0.04,0.64,0.481472793175121,19.647528076171874,29.64426383972168,977.4952880859375,16.159195709228516,8779.6396484375,22.204185485839844
C57BL6J-2.036,scgen,glutamatergic neuron_Isocortex,50,0.7576950780312125,0.8716881275177002,0.2,1.0,0.2,0.98,0.26265354248852363,16.880596923828126,27.834896087646484,804.928076171875,16.82686367034912,15873.0966796875,21.6861572265625
C57BL6J-2.036,scgen,oligodendrocyte_Fiber_tracts,50,0.24120048019207685,0.638638436794281,0.12,1.0,0.12,0.98,0.44399046987183327,4.447269248962402,6.216057586669922,869.2146606445312,1.6232134819030761,4639.84716796875,12.12771987915039
C57BL6J-2.036,scgen,oligodendrocyte_Isocortex,50,0.5919327731092437,0.5691227912902832,0.14,1.0,0.14,0.94,0.5683420179574132,5.807748031616211,7.838001251220703,596.5387084960937,2.363912296295166,5140.93798828125,77.53247833251953
C57BL6J-2.039,baseline,GABAergic neuron_Fiber_tracts,50,-0.08888355342136854,0.24178631603717804,0.04,0.5,0.02,0.34,0.025056947608200455,44.95231323242187,45.88967399597168,1234.547216796875,31.399475860595704,1327.6126708984375,295.60888671875
C57BL6J-2.039,baseline,GABAergic neuron_Isocortex,50,0.7122379891125952,0.5983878374099731,0.24,1.0,0.24,0.72,0.0,47.852181625366214,52.18784675598145,834.0206115722656,27.970838165283205,1318.154052734375,130.26992797851562
C57BL6J-2.039,baseline,astrocyte_Fiber_tracts,50,0.42142668503587755,0.44434353709220886,0.08,1.0,0.08,0.7,0.08525867252241655,44.14032325744629,43.31950149536133,1215.8605712890626,21.20291862487793,3108.64111328125,140.32078552246094
C57BL6J-2.039,baseline,astrocyte_Isocortex,50,0.796014405762305,0.8313362002372742,0.24,1.0,0.24,0.94,0.003088803088803089,68.15463943481446,69.72872772216797,1924.3689331054688,39.50144805908203,3638.194091796875,102.8342056274414
C57BL6J-2.039,baseline,endothelial cell_Fiber_tracts,50,0.7919308585717011,0.6357423067092896,0.0,0.0,0.0,0.88,0.09090909090909091,46.71179695129395,47.95866470336914,1542.5649658203124,26.32131576538086,1628.0545654296875,75.03564453125
C57BL6J-2.039,baseline,endothelial cell_Isocortex,50,0.7142651502801898,0.6367895603179932,0.34,1.0,0.34,0.8,0.002388535031847134,65.79935226440429,68.22801284790039,1778.8380004882813,35.20677604675293,2638.99365234375,161.43484497070312
C57BL6J-2.039,baseline,glutamatergic neuron_Fiber_tracts,50,0.05795918367346939,0.017270853742957115,0.04,1.0,0.04,0.26,0.9391936381709741,48.634991836547854,48.86735229492187,1237.6807373046875,35.1823917388916,7219.4072265625,270.8314208984375
C57BL6J-2.039,baseline,glutamatergic neuron_Isocortex,50,0.4095558223289315,0.35751238465309143,0.16,0.875,0.14,0.74,0.005045278137128072,54.54628295898438,59.59729270935058,873.8138000488282,40.756565475463866,15324.3466796875,124.2130355834961
C57BL6J-2.039,baseline,oligodendrocyte_Fiber_tracts,50,0.35903961584633853,0.3998749256134033,0.08,1.0,0.08,0.98,0.06720977596741344,56.58368110656738,58.564265441894534,2043.0629516601562,26.708831787109375,2236.50439453125,63.87900924682617
C57BL6J-2.039,baseline,oligodendrocyte_Isocortex,50,0.5901080432172868,0.5190717577934265,0.26,1.0,0.26,0.98,0.06210191082802548,64.43743057250977,66.53419799804688,2281.742578125,34.124013137817386,5502.19482421875,125.42784881591797
C57BL6J-2.039,cellina-ablated,GABAergic neuron_Fiber_tracts,50,0.6705882352941177,0.771449625492096,0.32,1.0,0.32,0.98,0.6253066878685742,33.05750198364258,40.0963851928711,401.91328125,7.221460437774658,1656.710693359375,12.381059646606445
C57BL6J-2.039,cellina-ablated,GABAergic neuron_Isocortex,50,0.8829291716686675,0.9179955124855042,0.42,1.0,0.42,0.98,0.9178355517981186,35.08395957946777,42.0210636138916,231.27474365234374,7.389945602416992,1637.654541015625,7.003518581390381
C57BL6J-2.039,cellina-ablated,astrocyte_Fiber_tracts,50,0.8184873949579832,0.790820837020874,0.4,1.0,0.4,0.92,0.7755757718348888,28.243531036376954,29.634664154052736,319.9438171386719,5.70406551361084,4484.33642578125,16.048236846923828
C57BL6J-2.039,cellina-ablated,astrocyte_Isocortex,50,0.8831212484993998,0.8854261040687561,0.6,1.0,0.6,0.94,0.539030668298961,28.31932830810547,28.652198791503906,199.11204223632814,5.351623249053955,3932.900146484375,10.346863746643066
C57BL6J-2.039,cellina-ablated,endothelial cell_Fiber_tracts,50,0.8068667466986794,0.9941033124923706,0.14,0.8571428571428571,0.12,0.48,0.963823207267573,29.149461555480958,29.699840545654297,221.57027587890624,6.311616516113281,5101.49609375,277.1614990234375
C57BL6J-2.039,cellina-ablated,endothelial cell_Isocortex,50,0.8240576230492196,0.8807054758071899,0.58,1.0,0.58,0.96,0.9389820428209654,28.50272159576416,28.880187606811525,109.6597900390625,5.035535621643066,3565.047607421875,26.605764389038086
C57BL6J-2.039,cellina-ablated,glutamatergic neuron_Fiber_tracts,50,0.42607442977190874,0.7809782028198242,0.34,1.0,0.34,0.98,0.6296270377733598,33.560292434692386,42.559989547729494,594.7298522949219,11.21782989501953,15215.796875,10.092072486877441
C57BL6J-2.039,cellina-ablated,glutamatergic neuron_Isocortex,50,0.8175270108043216,0.9458545446395874,0.4,1.0,0.4,1.0,0.6793267010393745,35.50251350402832,45.81086044311523,616.8359375,14.158722686767579,14861.6484375,14.996996879577637
C57BL6J-2.039,cellina-ablated,oligodendrocyte_Fiber_tracts,50,0.4206002400960384,0.7953293919563293,0.26,1.0,0.26,0.9,0.728618352504493,26.7623197555542,27.407807922363283,132.44505310058594,6.048526000976563,7289.50048828125,12.490255355834961
C57BL6J-2.039,cellina-ablated,oligodendrocyte_Isocortex,50,0.5864585834333733,0.5804948806762695,0.54,1.0,0.54,0.84,0.8812456567998761,26.349651908874513,26.881999206542968,126.34412841796875,4.924864959716797,7243.328125,90.86943054199219
C57BL6J-2.039,cellina,GABAergic neuron_Fiber_tracts,50,0.8048499399759904,0.8512386679649353,0.56,1.0,0.56,1.0,0.868340056484223,36.50674209594727,42.55591011047363,362.51280822753904,6.599446105957031,1580.9576416015625,8.102851867675781
C57BL6J-2.039,cellina,GABAergic neuron_Isocortex,50,0.9106842737094838,0.9616005420684814,0.52,1.0,0.52,1.0,0.9515167223082731,38.69736862182617,42.516387939453125,308.4686340332031,7.451408004760742,1474.0040283203125,3.3248815536499023
C57BL6J-2.039,cellina,astrocyte_Fiber_tracts,50,0.8305882352941176,0.81451016664505,0.66,1.0,0.66,0.94,0.7729929678718008,28.229429626464842,30.183984375,333.09038696289065,5.313089084625244,4180.287109375,13.579751968383789
C57BL6J-2.039,cellina,astrocyte_Isocortex,50,0.8816806722689075,0.9065415859222412,0.66,1.0,0.66,0.98,0.9543240104215713,28.7617977142334,28.473261260986327,184.93987426757812,5.3765474319458,3644.820068359375,6.9929704666137695
C57BL6J-2.039,cellina,endothelial cell_Fiber_tracts,50,0.7978391356542617,0.9937015771865845,0.12,0.8333333333333334,0.1,0.52,0.9146801108176019,31.58504867553711,33.50439262390137,244.1059997558594,6.20695390701294,5099.38134765625,279.9852600097656
C57BL6J-2.039,cellina,endothelial cell_Isocortex,50,0.8300120048019208,0.8736734390258789,0.64,1.0,0.64,0.96,0.8418674698795181,31.478481101989747,31.926583099365235,157.9543212890625,5.971870708465576,3582.244873046875,26.469228744506836
C57BL6J-2.039,cellina,glutamatergic neuron_Fiber_tracts,50,0.680576230492197,0.9063993692398071,0.6,1.0,0.6,1.0,0.9916832717977848,35.73823890686035,42.21362953186035,315.3775329589844,6.935402297973633,15036.5888671875,3.0211069583892822
C57BL6J-2.039,cellina,glutamatergic neuron_Isocortex,50,0.884561824729892,0.9802632331848145,0.66,1.0,0.66,1.0,0.7618324795268309,38.435502243041995,42.82546157836914,226.628125,6.400765323638916,11808.1748046875,3.9941582679748535
C57BL6J-2.039,cellina,oligodendrocyte_Fiber_tracts,50,0.4228091236494598,0.768793523311615,0.64,1.0,0.64,0.94,0.8772507739652927,26.93663787841797,27.342594146728516,85.5082275390625,5.743811416625976,7542.8779296875,7.97738790512085
C57BL6J-2.039,cellina,oligodendrocyte_Isocortex,50,0.5758943577430972,0.581294059753418,0.56,1.0,0.56,0.9,0.588632787605362,26.933641624450683,27.850219345092775,199.01998291015624,5.786779689788818,7278.4365234375,85.70853424072266
C57BL6J-2.039,cellina-graph,GABAergic neuron_Fiber_tracts,50,0.6480192076830732,0.7719601392745972,0.32,1.0,0.32,0.92,0.8086560364464692,39.06057434082031,46.55387229919434,466.58880920410155,8.30846061706543,1700.238037109375,11.686275482177734
C57BL6J-2.039,cellina-graph,GABAergic neuron_Isocortex,50,0.9005042016806721,0.9609711170196533,0.48,1.0,0.48,1.0,0.7052311337928651,44.020228958129884,49.5319709777832,419.882568359375,9.992266082763672,1447.6302490234375,3.1408803462982178
C57BL6J-2.039,cellina-graph,astrocyte_Fiber_tracts,50,0.8418247298919568,0.8100486397743225,0.6,1.0,0.6,0.94,0.795051368520116,33.32732963562012,35.01502532958985,342.6549560546875,6.1659516334533695,4352.6845703125,13.446337699890137
C57BL6J-2.039,cellina-graph,astrocyte_Isocortex,50,0.8846578631452581,0.9104520082473755,0.7,1.0,0.7,0.98,0.968349185422356,33.496142578125,33.719769668579104,240.30794677734374,7.040613460540771,3885.460693359375,6.652322292327881
C57BL6J-2.039,cellina-graph,endothelial cell_Fiber_tracts,50,0.680576230492197,0.9890308380126953,0.14,0.8571428571428571,0.12,0.5,0.6600197581770934,32.80582962036133,34.95938224792481,337.8352111816406,7.694573402404785,5077.396484375,274.9248352050781
C57BL6J-2.039,cellina-graph,endothelial cell_Isocortex,50,0.8519087635054022,0.880840539932251,0.66,1.0,0.66,0.96,0.7603982810221779,33.80917167663574,34.86015357971191,223.48492736816405,7.608026027679443,3359.8583984375,24.14542007446289
C57BL6J-2.039,cellina-graph,glutamatergic neuron_Fiber_tracts,50,0.5346938775510204,0.8270366191864014,0.44,1.0,0.44,0.98,0.44376802044873614,43.451638793945314,50.530483627319335,581.491455078125,9.906207752227782,15342.4970703125,4.604475975036621
C57BL6J-2.039,cellina-graph,glutamatergic neuron_Isocortex,50,0.8971428571428571,0.9785061478614807,0.68,1.0,0.68,1.0,0.7155239327296248,38.860652923583984,43.60578079223633,332.38710327148436,8.415633296966552,10898.8544921875,2.729437828063965
C57BL6J-2.039,cellina-graph,oligodendrocyte_Fiber_tracts,50,0.4159903961584634,0.7437330484390259,0.52,1.0,0.52,0.94,0.9160873104231163,31.790048789978027,32.19804763793945,186.3335968017578,6.618018722534179,7678.3017578125,8.828205108642578
C57BL6J-2.039,cellina-graph,oligodendrocyte_Isocortex,50,0.5904921968787515,0.5843336582183838,0.58,1.0,0.58,0.86,0.6440790255389169,30.441555404663085,32.30143852233887,319.2616424560547,7.1006364822387695,7009.50927734375,84.83618927001953
C57BL6J-2.039,cpa,GABAergic neuron_Fiber_tracts,50,0.655126050420168,0.7598549723625183,0.28,1.0,0.28,0.86,0.8172213469389745,28.62387161254883,34.11764678955078,402.2052856445313,7.076282405853272,1560.595947265625,12.737200736999512
C57BL6J-2.039,cpa,GABAergic neuron_Isocortex,50,0.8536374549819928,0.9250667691230774,0.5,1.0,0.5,0.98,0.9715086177637628,29.575807571411133,34.58931655883789,253.1450988769531,6.522421264648438,1487.154296875,5.789622783660889
C57BL6J-2.039,cpa,astrocyte_Fiber_tracts,50,0.7672028811524609,0.7227600812911987,0.26,1.0,0.26,0.8,0.7526625362716649,27.042537879943847,26.74003677368164,538.007568359375,6.335438823699951,4523.37548828125,18.813894271850586
C57BL6J-2.039,cpa,astrocyte_Isocortex,50,0.806578631452581,0.8657903671264648,0.44,1.0,0.44,0.94,0.20422827008192862,28.07039108276367,28.314546585083008,481.07114868164064,7.674836254119873,4002.7490234375,10.560844421386719
C57BL6J-2.039,cpa,endothelial cell_Fiber_tracts,50,0.6952701080432173,0.9907714128494263,0.12,1.0,0.12,0.56,0.9486126323475722,25.337669944763185,25.788820266723633,180.38015747070312,5.391596126556396,4955.091796875,273.4931640625
C57BL6J-2.039,cpa,endothelial cell_Isocortex,50,0.8495078031212485,0.8818553686141968,0.6,1.0,0.6,0.98,0.9139104187450439,27.885505294799806,27.509733963012696,88.93074035644531,4.865399646759033,3319.060302734375,25.684518814086914
C57BL6J-2.039,cpa,glutamatergic neuron_Fiber_tracts,50,0.6041296518607443,0.8531537652015686,0.36,1.0,0.36,0.98,0.6547630786708322,30.555138206481935,38.98238410949707,618.1599060058594,11.427541732788086,15009.3349609375,7.476887226104736
C57BL6J-2.039,cpa,glutamatergic neuron_Isocortex,50,0.8569027611044417,0.9473372101783752,0.58,1.0,0.58,1.0,0.7374343846365532,31.55771541595459,37.21778335571289,316.4418212890625,9.033272552490235,12736.1650390625,7.782674789428711
C57BL6J-2.039,cpa,oligodendrocyte_Fiber_tracts,50,0.29267707082833133,0.7745128870010376,0.32,1.0,0.32,0.94,0.6597523080802092,23.899410057067872,21.69716148376465,161.31311645507813,5.286753463745117,7131.72705078125,11.588829040527344
C57BL6J-2.039,cpa,oligodendrocyte_Isocortex,50,0.5903961584633853,0.5639229416847229,0.58,1.0,0.58,0.88,0.8625667457594165,24.80791816711426,24.579273986816407,158.31536254882812,4.716138458251953,6993.72216796875,86.6927719116211
C57BL6J-2.039,scgen,GABAergic neuron_Fiber_tracts,50,0.6830732292917167,0.7699761986732483,0.14,1.0,0.14,0.78,0.6216678942310976,14.251193428039551,20.286606979370116,717.9562194824218,5.03232707977295,1346.8232421875,14.575298309326172
C57BL6J-2.039,scgen,GABAergic neuron_Isocortex,50,0.7681632653061223,0.835723876953125,0.32,1.0,0.32,0.86,0.8292142088709793,14.897710418701172,22.65343017578125,728.1277648925782,6.31395845413208,1467.6112060546875,10.615370750427246
C57BL6J-2.039,scgen,astrocyte_Fiber_tracts,50,0.7988955582232894,0.7557710409164429,0.18,1.0,0.18,0.92,0.9430580608056884,11.14790744781494,11.396720504760742,733.8278930664062,3.8747870445251467,4035.961181640625,16.245595932006836
C57BL6J-2.039,scgen,astrocyte_Isocortex,50,0.8148379351740697,0.8830783367156982,0.28,1.0,0.28,0.98,0.3867846941017673,9.05465145111084,11.148282623291015,615.0990173339844,3.673974704742432,3291.619140625,9.885241508483887
C57BL6J-2.039,scgen,endothelial cell_Fiber_tracts,50,0.58953181272509,0.9730280041694641,0.18,1.0,0.18,0.88,0.668502888559586,9.879936408996581,10.706197738647461,395.7229797363281,3.267362880706787,3818.7724609375,245.78048706054688
C57BL6J-2.039,scgen,endothelial cell_Isocortex,50,0.7931332533013205,0.8609410524368286,0.28,1.0,0.28,0.96,0.45055380758703606,7.245231628417969,8.616510200500489,764.0785034179687,2.243852138519287,2735.596923828125,26.046247482299805
C57BL6J-2.039,scgen,glutamatergic neuron_Fiber_tracts,50,0.3266746698679472,0.43268340826034546,0.04,1.0,0.04,0.74,0.589249872195399,16.753787994384766,24.002326583862306,815.18662109375,11.043070888519287,12843.5693359375,16.675270080566406
C57BL6J-2.039,scgen,glutamatergic neuron_Isocortex,50,0.7424249699879952,0.9137653708457947,0.24,1.0,0.24,1.0,0.40038453441244976,17.147864151000977,29.13374481201172,889.9419677734375,15.810938262939453,14981.1494140625,20.098793029785156
C57BL6J-2.039,scgen,oligodendrocyte_Fiber_tracts,50,0.2539735894357743,0.7489820122718811,0.1,1.0,0.1,0.98,0.44523963853604565,5.357327270507812,6.851195335388184,671.3695190429687,1.8204279899597169,5231.76318359375,6.713624954223633
C57BL6J-2.039,scgen,oligodendrocyte_Isocortex,50,0.5058823529411763,0.5595614910125732,0.18,1.0,0.18,0.96,0.5904096740394552,7.381095695495605,9.09388027191162,497.7080871582031,2.621800422668457,5954.0380859375,82.48731231689453
C57BL6J-2.041,baseline,GABAergic neuron_Fiber_tracts,50,0.38380979687508454,0.2800842225551605,0.0,0.0,0.0,0.64,0.06282722513089005,38.75810203552246,37.43938369750977,1651.2043579101562,23.437160110473634,840.7986450195312,197.08963012695312
C57BL6J-2.041,baseline,GABAergic neuron_Isocortex,50,0.5896420083814427,0.6739286780357361,0.22,1.0,0.22,0.68,0.006917734218243555,48.43544464111328,52.18386573791504,1062.79384765625,28.42094020843506,1164.9500732421875,161.9692840576172
C57BL6J-2.041,baseline,astrocyte_Fiber_tracts,50,0.509111863576843,0.4596887528896332,0.1,0.8,0.08,0.76,0.01177824600498571,40.01601142883301,40.64507064819336,2318.221826171875,19.538392639160158,2361.79296875,117.0457534790039
C57BL6J-2.041,baseline,astrocyte_Isocortex,50,0.730516206482593,0.7741740942001343,0.36,1.0,0.36,0.94,0.004476275738585497,67.43541564941407,69.90017471313476,2123.041748046875,38.50507736206055,2516.1123046875,147.20697021484375
C57BL6J-2.041,baseline,endothelial cell_Fiber_tracts,50,0.5196205129858535,0.5170795321464539,0.0,0.0,0.0,0.82,0.009063444108761328,44.2617790222168,45.494209671020506,3062.0643310546875,21.57162857055664,1250.63818359375,125.02153015136719
C57BL6J-2.041,baseline,endothelial cell_Isocortex,50,0.7454526245767272,0.7632282376289368,0.44,1.0,0.44,0.86,0.01774622892635315,66.65877075195313,69.50786209106445,2195.3821533203127,34.26458206176758,2149.2099609375,111.26886749267578
C57BL6J-2.041,baseline,glutamatergic neuron_Fiber_tracts,50,-0.1709003601440576,-0.1688498854637146,0.04,1.0,0.04,0.32,0.006075334143377885,45.83510780334473,48.009959030151364,2044.3936401367187,32.98692855834961,5445.3359375,321.92938232421875
C57BL6J-2.041,baseline,glutamatergic neuron_Isocortex,50,0.32581032412965183,0.31919437646865845,0.2,0.9,0.18,0.78,0.0056082830025884385,54.69941101074219,59.75910339355469,849.7425354003906,36.72794189453125,13360.7138671875,147.5779571533203
C57BL6J-2.041,baseline,oligodendrocyte_Fiber_tracts,50,0.37037214885954384,0.43878042697906494,0.1,1.0,0.1,0.88,0.07518072289156627,51.70022125244141,52.97379913330078,2058.537487792969,20.65855884552002,3203.072509765625,66.5309066772461
C57BL6J-2.041,baseline,oligodendrocyte_Isocortex,50,0.13066026410564224,0.18077275156974792,0.2,1.0,0.2,0.72,0.17863720073664827,63.968780517578125,67.8611846923828,2338.305859375,31.6995418548584,4541.20556640625,221.63705444335938
C57BL6J-2.041,cellina-ablated,GABAergic neuron_Fiber_tracts,50,0.6600240096038416,0.7144532799720764,0.34,0.8235294117647058,0.28,0.58,0.9220187007722898,35.307434463500975,40.130402374267575,288.0053283691406,7.97296371459961,1321.864501953125,194.7314910888672
C57BL6J-2.041,cellina-ablated,GABAergic neuron_Isocortex,50,0.8634333733493396,0.9492114186286926,0.46,1.0,0.46,1.0,0.9962617687914802,34.737796783447266,39.35400810241699,321.29930419921874,8.885022449493409,1162.2403564453125,6.981015682220459
C57BL6J-2.041,cellina-ablated,astrocyte_Fiber_tracts,50,0.6123889555822329,0.5917432904243469,0.48,0.9166666666666666,0.44,0.86,0.7435220117500144,30.548429489135742,30.576397323608397,395.84052124023435,5.031146812438965,3452.161865234375,59.71208190917969
C57BL6J-2.041,cellina-ablated,astrocyte_Isocortex,50,0.822328931572629,0.8627608418464661,0.58,1.0,0.58,0.98,0.9899754401376554,30.982408332824708,30.931005859375,161.08365173339843,5.242878818511963,3010.738037109375,18.172990798950195
C57BL6J-2.041,cellina-ablated,endothelial cell_Fiber_tracts,50,0.6188235294117647,0.9941502809524536,0.12,1.0,0.12,0.9,0.9242991797152783,30.915299797058104,31.249399948120118,178.5132629394531,5.152420902252198,3390.45068359375,301.95684814453125
C57BL6J-2.041,cellina-ablated,endothelial cell_Isocortex,50,0.9033853541416567,0.9362422227859497,0.76,1.0,0.76,0.94,0.8848024967108282,30.892243766784667,30.759249114990233,102.42974853515625,5.112857437133789,2779.214111328125,43.470401763916016
C57BL6J-2.041,cellina-ablated,glutamatergic neuron_Fiber_tracts,50,0.7985114045618247,0.8887991309165955,0.34,1.0,0.34,1.0,0.6816256545486148,31.251059341430665,42.82177658081055,637.85048828125,11.819005012512207,11577.201171875,9.006377220153809
C57BL6J-2.041,cellina-ablated,glutamatergic neuron_Isocortex,50,0.7886194477791115,0.9507070183753967,0.44,1.0,0.44,1.0,0.7206829091243843,33.89900856018066,45.34175148010254,658.5820251464844,14.233821487426757,13425.2880859375,16.85890769958496
C57BL6J-2.041,cellina-ablated,oligodendrocyte_Fiber_tracts,50,0.08974789915966387,0.7524846792221069,0.16,0.875,0.14,0.8,0.7868373493975904,30.953164100646973,31.04112014770508,223.07229614257812,6.2389404296875,5198.71435546875,20.91876220703125
C57BL6J-2.041,cellina-ablated,oligodendrocyte_Isocortex,50,0.3306122448979592,0.4966663718223572,0.18,1.0,0.18,0.58,0.9784677383567418,29.931462478637695,30.44221305847168,125.05694580078125,5.401075649261474,5985.82080078125,242.46963500976562
C57BL6J-2.041,cellina,GABAergic neuron_Fiber_tracts,50,0.76,0.7570574283599854,0.36,0.8888888888888888,0.32,0.58,0.7331992445993459,39.9012508392334,45.01316146850586,341.17225952148436,7.421981239318848,1255.343994140625,194.97537231445312
C57BL6J-2.041,cellina,GABAergic neuron_Isocortex,50,0.8961824729891957,0.9759928584098816,0.54,1.0,0.54,1.0,0.6868436487112208,39.93492813110352,43.334459686279295,308.8511016845703,7.271496963500977,1025.9508056640625,3.5981338024139404
C57BL6J-2.041,cellina,astrocyte_Fiber_tracts,50,0.6566626650660264,0.6034421324729919,0.5,0.96,0.48,0.9,0.8009179051736388,33.66780014038086,35.543690872192386,333.1866821289062,6.313564777374268,3320.662841796875,57.76825714111328
C57BL6J-2.041,cellina,astrocyte_Isocortex,50,0.8293397358943577,0.8754621744155884,0.62,1.0,0.62,0.98,0.9973142345568488,37.324802017211915,38.03032112121582,298.14580078125,7.8987195014953615,3090.73828125,16.465238571166992
C57BL6J-2.041,cellina,endothelial cell_Fiber_tracts,50,0.531812725090036,0.9944112300872803,0.12,1.0,0.12,0.9,0.92841192696703,34.20288314819336,35.1649055480957,228.5662872314453,6.889272212982178,3409.367431640625,301.8775634765625
C57BL6J-2.041,cellina,endothelial cell_Isocortex,50,0.9067466986794718,0.9360105395317078,0.78,1.0,0.78,0.92,0.8295750084141602,37.76344757080078,37.9504997253418,182.59351501464843,7.12059850692749,2751.76708984375,45.320518493652344
C57BL6J-2.041,cellina,glutamatergic neuron_Fiber_tracts,50,0.836830732292917,0.939344584941864,0.62,1.0,0.62,1.0,0.9998885259790206,35.558794784545896,42.470734405517575,366.90845947265626,7.87313871383667,11956.44921875,2.3572123050689697
C57BL6J-2.041,cellina,glutamatergic neuron_Isocortex,50,0.8401920768307323,0.9673296809196472,0.7,1.0,0.7,1.0,0.3740554281712034,41.407812881469724,43.36904678344727,327.65349731445315,8.346142387390136,10976.4853515625,5.0202555656433105
C57BL6J-2.041,cellina,oligodendrocyte_Fiber_tracts,50,0.2099879951980792,0.7567757368087769,0.42,1.0,0.42,0.92,0.9865060240963854,30.151244163513184,30.757621002197265,141.09739379882814,6.83751916885376,5445.7333984375,16.887033462524414
C57BL6J-2.041,cellina,oligodendrocyte_Isocortex,50,0.3138055222088835,0.5245432257652283,0.2,1.0,0.2,0.7,0.7983425414364641,35.50964126586914,34.82281608581543,213.60519409179688,7.0724077224731445,5419.2216796875,237.05429077148438
C57BL6J-2.041,cellina-graph,GABAergic neuron_Fiber_tracts,50,0.7454981992797118,0.7462643384933472,0.38,0.8947368421052632,0.34,0.54,0.9052064301177627,42.91863441467285,48.0599250793457,392.17339477539065,9.097101306915283,1355.51806640625,196.97291564941406
C57BL6J-2.041,cellina-graph,GABAergic neuron_Isocortex,50,0.8793757503001199,0.9798069000244141,0.68,1.0,0.68,1.0,0.7260194474455934,42.36398200988769,45.50317573547363,403.65972290039065,10.583209323883057,926.5980834960938,2.649794816970825
C57BL6J-2.041,cellina-graph,astrocyte_Fiber_tracts,50,0.6429291716686675,0.5672247409820557,0.54,1.0,0.54,0.88,0.8167803304420983,36.045908737182614,36.9629150390625,392.32627563476564,6.2483138084411625,3247.72705078125,58.9015998840332
C57BL6J-2.041,cellina-graph,astrocyte_Isocortex,50,0.8334693877551019,0.8797345161437988,0.66,1.0,0.66,0.98,0.9206899385870877,42.65708122253418,41.416543579101564,415.66510009765625,9.392074012756348,3120.480712890625,15.365167617797852
C57BL6J-2.041,cellina-graph,endothelial cell_Fiber_tracts,50,0.6005762304921969,0.9918535947799683,0.12,1.0,0.12,0.84,0.6479796355598635,40.775028991699216,42.288456726074216,425.7137054443359,8.373712348937989,3410.722900390625,302.8216552734375
C57BL6J-2.041,cellina-graph,endothelial cell_Isocortex,50,0.9055942376950781,0.937711238861084,0.8,1.0,0.8,0.96,0.8241899458434049,40.12628860473633,40.98040008544922,260.4431915283203,8.245377540588379,2509.431884765625,42.294891357421875
C57BL6J-2.041,cellina-graph,glutamatergic neuron_Fiber_tracts,50,0.7733493397358944,0.9165737628936768,0.54,1.0,0.54,1.0,0.9119863060358229,41.77694587707519,48.949948120117185,427.7526489257813,9.084770393371581,12199.4189453125,2.6803362369537354
C57BL6J-2.041,cellina-graph,glutamatergic neuron_Isocortex,50,0.8831212484993998,0.9780006408691406,0.74,1.0,0.74,1.0,0.4500090444355906,41.1734203338623,46.62153778076172,302.76079711914065,7.696520805358887,9637.4931640625,2.6776068210601807
C57BL6J-2.041,cpa,GABAergic neuron_Fiber_tracts,50,0.7372388955582232,0.7230313420295715,0.36,0.7777777777777778,0.28,0.68,0.8914648938293592,28.856751441955566,33.21796226501465,364.553857421875,7.433291625976563,1303.0423583984375,188.57254028320312
C57BL6J-2.041,cpa,GABAergic neuron_Isocortex,50,0.8773589435774309,0.9506275057792664,0.46,1.0,0.46,1.0,0.9849050779441272,28.79199352264404,32.64177322387695,397.1824951171875,7.498519325256348,1099.7899169921875,6.5848307609558105
C57BL6J-2.041,cpa,astrocyte_Fiber_tracts,50,0.6550300120048019,0.6089345812797546,0.48,0.9583333333333334,0.46,0.92,0.6010368545420497,25.22917079925537,25.884268951416015,612.9332458496094,5.808051586151123,3593.17578125,55.09123611450195
C57BL6J-2.041,cpa,astrocyte_Isocortex,50,0.8078271308523409,0.8532201647758484,0.48,1.0,0.48,1.0,0.38648155889285307,28.557058143615723,28.611692428588867,424.7776611328125,6.070041084289551,2704.432861328125,18.49077796936035
C57BL6J-2.041,cpa,endothelial cell_Fiber_tracts,50,0.5570708283313325,0.992847740650177,0.16,1.0,0.16,0.9,0.9815016962817684,26.52683620452881,25.809633255004883,145.68236694335937,5.333506393432617,3315.143310546875,300.4242858886719
C57BL6J-2.041,cpa,endothelial cell_Isocortex,50,0.84921968787515,0.9331172108650208,0.82,1.0,0.82,0.98,0.6818223541290579,26.074341201782225,25.82286262512207,161.1088439941406,5.434941196441651,2641.41943359375,42.18755340576172
C57BL6J-2.041,cpa,glutamatergic neuron_Fiber_tracts,50,0.7709483793517407,0.8826139569282532,0.34,1.0,0.34,1.0,0.7491318444532798,29.456903648376464,39.60221138000488,652.9971557617188,12.504100322723389,11755.078125,7.655718803405762
C57BL6J-2.041,cpa,glutamatergic neuron_Isocortex,50,0.8175270108043216,0.9545731544494629,0.6,1.0,0.6,0.98,0.46938172707382164,30.891176605224608,38.497549819946286,390.7934936523437,9.990867328643798,11567.396484375,9.3981351852417
C57BL6J-2.041,cpa,oligodendrocyte_Fiber_tracts,50,0.11414165666266506,0.7457756400108337,0.38,1.0,0.38,0.9,0.9865060240963854,25.791946029663087,25.638409423828126,222.60360107421874,5.693733787536621,5400.83642578125,17.572816848754883
C57BL6J-2.041,cpa,oligodendrocyte_Isocortex,50,0.2976710684273709,0.4960882067680359,0.2,1.0,0.2,0.64,0.91471549180146,28.191460800170898,28.632832336425782,189.9544250488281,5.49935245513916,5886.6640625,238.56175231933594
C57BL6J-2.041,scgen,GABAergic neuron_Fiber_tracts,50,0.6829771908763506,0.7112240791320801,0.2,1.0,0.2,0.76,0.624633431085044,15.426202201843262,20.86593704223633,826.6453491210938,6.248330402374267,1038.0892333984375,174.4970245361328
C57BL6J-2.041,scgen,GABAergic neuron_Isocortex,50,0.8325090036014406,0.9141472578048706,0.38,1.0,0.38,0.92,0.752085198333076,14.376325035095215,20.1164909362793,966.9051391601563,7.007716655731201,1098.709716796875,11.434969902038574
C57BL6J-2.041,scgen,astrocyte_Fiber_tracts,50,0.6864345738295319,0.6715400218963623,0.08,1.0,0.08,0.98,0.8924712766447996,8.156754302978516,9.03416805267334,883.4227294921875,2.4856499671936034,3189.358154296875,46.16453170776367
C57BL6J-2.041,scgen,astrocyte_Isocortex,50,0.7911164465786314,0.8489664793014526,0.2,1.0,0.2,1.0,0.9684071263370277,8.430072021484374,9.619925117492675,465.09735717773435,2.7590410232543947,2542.6376953125,17.7586727142334
C57BL6J-2.041,scgen,endothelial cell_Fiber_tracts,50,0.6310204081632652,0.9871319532394409,0.2,1.0,0.2,0.98,0.5525167929630351,8.959221076965331,9.755030822753906,522.3674255371094,1.8539910316467285,2675.6650390625,263.20050048828125
C57BL6J-2.041,scgen,endothelial cell_Isocortex,50,0.7581752701080431,0.9380722641944885,0.66,1.0,0.66,1.0,0.33785148242205426,7.112005424499512,8.950721740722656,1310.4732177734375,2.1523189544677734,2085.560546875,37.709442138671875
C57BL6J-2.041,scgen,glutamatergic neuron_Fiber_tracts,50,0.26175270108043214,0.3014284074306488,0.02,1.0,0.02,0.48,0.8214665109333308,13.76154022216797,23.216890335083008,929.3676391601563,11.437527275085449,9168.9111328125,17.06778907775879
C57BL6J-2.041,scgen,glutamatergic neuron_Isocortex,50,0.6160384153661465,0.872989296913147,0.08,1.0,0.08,0.98,0.6791484275435167,13.388599395751953,23.484839630126952,1007.6660888671875,13.097570610046386,12951.064453125,19.587717056274414
C57BL6J-2.041,scgen,oligodendrocyte_Fiber_tracts,50,0.05728691476590636,0.7428685426712036,0.16,1.0,0.16,0.94,0.3041566265060241,4.431962013244629,6.34100341796875,1611.3984130859376,1.7883825302124023,3820.43359375,12.781120300292969
C57BL6J-2.041,scgen,oligodendrocyte_Isocortex,50,0.19222088835534215,0.5249390602111816,0.04,1.0,0.04,0.9,0.5377171670105838,6.3156843185424805,8.631126976013183,777.2751831054687,2.511776924133301,4492.85498046875,197.31642150878906
C57BL6J-2.039,mintflow,glutamatergic neuron_Isocortex,50,0.8489315726290516,0.9745331,0.4,1.0,0.4,0.98,0.0366106080206985,56.99677696228027,56.553259658813474,709.2076416015625,18.98901596069336,28306.254,7.5305824
C57BL6J-2.039,mintflow,glutamatergic neuron_Fiber_tracts,50,0.5550540216086435,0.8830896,0.42,1.0,0.42,1.0,0.9008,56.92028198242188,58.85038299560547,834.0919860839844,18.29692707061768,2032.4878,3.0927002
C57BL6J-2.039,mintflow,oligodendrocyte_Isocortex,50,0.5589915966386554,0.56638306,0.28,1.0,0.28,0.48,0.10828025477707,69.5305679321289,68.30140838623046,2019.832421875,18.730403709411625,2505.9507,122.52449
C57BL6J-2.039,mintflow,oligodendrocyte_Fiber_tracts,50,0.4101320528211284,0.7515704,0.02,1.0,0.02,0.28,0.0476578411405295,77.64676971435547,77.0615364074707,3088.7075439453124,22.748677253723145,11150.972,25.893583
C57BL6J-2.039,mintflow,astrocyte_Isocortex,50,0.776422569027611,0.83005875,0.22,1.0,0.22,0.82,0.0617760617760617,68.14266510009766,66.71042709350586,1660.681066894531,22.549525260925293,5132.9277,17.714468
C57BL6J-2.039,mintflow,astrocyte_Fiber_tracts,50,0.6581032412965185,0.6839105,0.12,1.0,0.12,0.7,0.639871382636656,68.7762435913086,67.86308288574219,1674.6591186523438,21.915483283996583,3785.5024,26.011248
C57BL6J-2.039,mintflow,GABAergic neuron_Isocortex,50,0.8679471788715486,0.9149708,0.32,1.0,0.32,0.9,0.4073006724303554,58.4364429473877,57.78610725402832,868.2554016113281,20.03901023864746,3931.891,7.2282734
C57BL6J-2.039,mintflow,GABAergic neuron_Fiber_tracts,50,0.6449459783913566,0.7908619,0.26,1.0,0.26,0.94,0.3690205011389522,57.046648025512695,58.38115539550781,933.5656616210938,19.058788299560547,1515.3588,10.169987
C57BL6J-2.039,mintflow,endothelial cell_Isocortex,50,0.8044657863145258,0.8673511,0.34,1.0,0.34,0.62,0.0804140127388535,68.67751770019531,67.2475357055664,1667.7433715820312,21.882874298095704,5089.984,43.220352
C57BL6J-2.039,mintflow,endothelial cell_Fiber_tracts,50,0.7842016806722689,0.98852605,0.12,0.8333333333333334,0.1,0.14,0.2005347593582887,70.0657241821289,69.91482925415039,1526.3851440429687,20.98992977142334,1721.6866,353.77386
C57BL6J-2.036,mintflow,glutamatergic neuron_Isocortex,50,0.8730372148859544,0.9739824,0.46,1.0,0.46,0.98,0.0633615477629988,57.79726638793945,56.83732795715332,746.0975036621094,18.7069730758667,30425.705,7.808491
C57BL6J-2.036,mintflow,glutamatergic neuron_Fiber_tracts,50,0.7641296518607443,0.8705147,0.4,1.0,0.4,0.96,0.2910284463894967,57.05740928649902,57.908657455444335,796.2331298828125,18.577990341186524,1429.3906,6.314479
C57BL6J-2.036,mintflow,oligodendrocyte_Isocortex,50,0.5950060024009604,0.5605229,0.3,1.0,0.3,0.52,0.1515151515151515,69.356005859375,68.51857376098633,2135.2859130859374,16.777403354644775,3043.3687,122.26527
C57BL6J-2.036,mintflow,oligodendrocyte_Fiber_tracts,50,0.3732533013205282,0.5729852,0.08,0.5,0.04,0.42,0.0433345574733749,76.28513412475586,75.96577453613281,3308.868603515625,21.432762718200685,12222.68,32.724133
C57BL6J-2.036,mintflow,astrocyte_Isocortex,50,0.7794957983193278,0.7973636,0.24,1.0,0.24,0.86,0.9024561403508772,69.5742317199707,68.30514907836914,1794.61142578125,21.06372833251953,5683.557,20.931313
C57BL6J-2.036,mintflow,astrocyte_Fiber_tracts,50,0.2007683073229291,0.41758966,0.12,0.8333333333333334,0.1,0.46,0.0309023485784919,69.8775390625,68.31318283081055,1856.484033203125,21.825525856018068,3321.0369,155.2558
C57BL6J-2.036,mintflow,GABAergic neuron_Isocortex,50,0.9155822328931572,0.9706125,0.58,1.0,0.58,0.98,0.1468288444830582,58.45554809570312,59.09376335144043,979.6375854492188,19.05909366607666,3970.5093,5.7032604
C57BL6J-2.036,mintflow,GABAergic neuron_Fiber_tracts,50,0.8537334933973589,0.90909255,0.58,1.0,0.58,0.98,0.8668478260869565,56.18810043334961,58.341738891601565,1225.4708618164063,19.34964981079101,1275.1329,10.852604
C57BL6J-2.036,mintflow,endothelial cell_Isocortex,50,0.9019447779111645,0.9232283,0.56,1.0,0.56,0.76,0.1312302839116719,68.64788436889648,67.4139633178711,1836.5978637695312,19.12170009613037,6191.1123,34.229996
C57BL6J-2.036,mintflow,endothelial cell_Fiber_tracts,50,0.5884753901560623,0.9855665,0.12,1.0,0.12,0.18,0.1359223300970873,69.37706298828125,67.69237365722657,1787.9868408203124,19.88618412017822,1410.0474,356.34723
C57BL6J-2.041,mintflow,glutamatergic neuron_Isocortex,50,0.8569987995198078,0.9700188,0.4,1.0,0.4,0.96,0.0467356916882369,56.94719047546387,56.31658897399903,772.9796813964844,18.767488861083983,26011.928,8.597793
C57BL6J-2.041,mintflow,glutamatergic neuron_Fiber_tracts,50,0.8106122448979592,0.9192014,0.32,1.0,0.32,0.96,0.5078979343863913,56.414276885986325,58.288723373413085,843.4231811523438,19.403567123413087,2740.6355,2.9152515
C57BL6J-2.041,mintflow,oligodendrocyte_Isocortex,50,0.2270828331332533,0.4950797,0.14,0.7142857142857143,0.1,0.2,0.2081031307550644,69.32685089111328,68.14990692138672,1972.0581176757807,14.549171733856202,2326.0664,301.09003
C57BL6J-2.041,mintflow,oligodendrocyte_Fiber_tracts,50,0.0664105642256902,0.71897167,0.14,0.7142857142857143,0.1,0.36,0.0751807228915662,76.16970977783203,75.63134002685547,3212.587280273437,18.94680004119873,8965.329,34.98289
C57BL6J-2.041,mintflow,astrocyte_Isocortex,50,0.8205042016806722,0.81349504,0.22,1.0,0.22,0.74,0.9212175470008952,67.14480514526367,64.25642242431641,1758.4956665039062,19.901056480407718,4432.638,29.618553
C57BL6J-2.041,mintflow,astrocyte_Fiber_tracts,50,0.4572869147659063,0.50339353,0.16,0.75,0.12,0.62,0.6244041944709247,67.51966171264648,66.96065826416016,1880.3427856445312,20.3259801864624,4264.614,77.13635
C57BL6J-2.041,mintflow,GABAergic neuron_Isocortex,50,0.8562304921968786,0.9544155,0.36,1.0,0.36,0.98,0.1768421052631578,58.65147857666015,59.64747428894043,1097.21728515625,19.78497657775879,3630.2625,7.0590878
C57BL6J-2.041,mintflow,GABAergic neuron_Fiber_tracts,50,0.6447539015606242,0.7142231,0.3,0.8666666666666667,0.26,0.48,0.4031413612565445,59.21534729003906,60.62544250488281,1053.79443359375,17.674318313598633,724.23444,216.4223
C57BL6J-2.041,mintflow,endothelial cell_Isocortex,50,0.8991596638655461,0.9383872,0.72,1.0,0.72,0.84,0.1437444543034605,66.67968063354492,65.90893325805663,1918.0796508789065,17.66906566619873,4452.1973,60.327305
C57BL6J-2.041,mintflow,endothelial cell_Fiber_tracts,50,0.383625450180072,0.98943335,0.12,1.0,0.12,0.22,0.1419939577039275,69.10037231445312,68.08652572631836,2189.11357421875,19.37036552429199,1552.3907,365.4414
C57BL6J-2.036,spatialprop,glutamatergic neuron_Isocortex,50,0.6887394957983193,0.76854664,0.0,0.0,0.0,0.92,0.0088270858524788,52.63621139526367,61.70105285644532,451.8870025634766,28.25521755218506,22720.715,17.535168
C57BL6J-2.036,spatialprop,glutamatergic neuron_Fiber_tracts,50,0.4825450180072028,0.4267125,0.0,0.0,0.0,0.78,0.1903719912472647,47.86158142089844,59.26874618530273,388.9595092773437,23.93336582183838,1241.1848,27.180096
C57BL6J-2.036,spatialprop,GABAergic neuron_Isocortex,50,0.714398905341699,0.77677494,0.02,1.0,0.02,0.8,0.9991311902693312,45.95504188537598,57.38203735351563,322.310986328125,20.38737850189209,2909.0098,76.79959
C57BL6J-2.036,spatialprop,GABAergic neuron_Fiber_tracts,50,0.7127490996398559,0.769513,0.08,1.0,0.08,0.82,0.6168478260869565,40.03957405090332,52.40198097229004,347.6532867431641,19.603537178039552,912.63,60.84896
C57BL6J-2.036,spatialprop,astrocyte_Isocortex,50,0.7285954381752701,0.7807325,0.08,1.0,0.08,0.88,0.0231578947368421,51.679819107055664,60.64660301208496,509.57508850097656,22.34893684387207,4102.071,24.040953
C57BL6J-2.036,spatialprop,astrocyte_Fiber_tracts,50,0.6181512605042015,0.65661216,0.08,1.0,0.08,0.88,0.0247218788627935,39.51981010437012,48.40217247009277,388.731576538086,18.08298511505127,1880.5596,64.02519
C57BL6J-2.036,spatialprop,oligodendrocyte_Isocortex,50,0.7299399759903961,0.60155886,0.1,0.8,0.08,0.9,0.9986824769433466,56.91941032409668,65.85692596435547,551.5828186035156,22.948847389221196,2428.4702,65.841835
C57BL6J-2.036,spatialprop,oligodendrocyte_Fiber_tracts,50,0.037406962785114,0.20382555,0.0,0.0,0.0,0.7,0.033786265148733,60.43537635803223,68.23793029785156,705.5885437011718,29.74860382080078,9618.308,31.284536
C57BL6J-2.036,spatialprop,endothelial cell_Isocortex,50,0.8724609843937575,0.854649,0.12,1.0,0.12,0.96,0.0182965299684542,51.2536117553711,60.39021682739258,472.0670715332032,21.85258502960205,4225.7715,44.098232
C57BL6J-2.036,spatialprop,endothelial cell_Fiber_tracts,50,0.3452100840336134,0.84227246,0.14,1.0,0.14,0.94,0.9967637540453076,44.64445114135742,53.82265930175781,517.7411804199219,22.346364974975582,708.7214,147.02739
C57BL6J-2.039,spatialprop,glutamatergic neuron_Isocortex,50,0.6824009603841537,0.6770057,0.0,0.0,0.0,0.92,0.007503234152652,53.02711563110351,62.23615303039551,336.0587524414062,24.295743942260746,23898.59,15.010177
C57BL6J-2.039,spatialprop,glutamatergic neuron_Fiber_tracts,50,0.5469867947178871,0.6163087,0.0,0.0,0.0,0.86,0.8912,47.39254913330078,59.89187889099121,340.3202209472656,21.9627290725708,1667.1738,27.699736
C57BL6J-2.039,spatialprop,GABAergic neuron_Isocortex,50,0.4690036014405762,0.62942004,0.1,0.8,0.08,0.82,0.0115273775216138,47.83153114318848,59.25275497436523,312.1316772460938,21.43397827148437,3046.935,37.94573
C57BL6J-2.039,spatialprop,GABAergic neuron_Fiber_tracts,50,0.4621848739495798,0.6564173,0.02,1.0,0.02,0.68,0.9977220956719818,41.5091552734375,54.273628616333006,350.02203674316405,21.74511604309082,1157.7732,33.940926
C57BL6J-2.039,spatialprop,astrocyte_Isocortex,50,0.7113085234093637,0.6125725,0.04,1.0,0.04,0.86,0.0285714285714285,53.72760276794433,62.675689697265625,462.9972320556641,24.040596771240235,3874.9175,27.83292
C57BL6J-2.039,spatialprop,astrocyte_Fiber_tracts,50,0.6339975990396158,0.6455557,0.06,1.0,0.06,0.86,0.0632368703108253,40.004432678222656,49.84444007873535,352.57920227050784,17.130168914794922,2557.4944,25.70317
C57BL6J-2.039,spatialprop,oligodendrocyte_Isocortex,50,0.8415366146458583,0.83301324,0.08,1.0,0.08,0.98,0.998407643312102,61.5390983581543,69.19490051269531,532.4321166992188,24.23193702697754,1957.7893,41.597843
C57BL6J-2.039,spatialprop,oligodendrocyte_Fiber_tracts,50,0.4402881152460983,0.43699792,0.0,0.0,0.0,0.9,0.0370672097759674,61.38657760620117,69.74804611206055,671.7890625,29.72910099029541,8314.535,15.769293
C57BL6J-2.039,spatialprop,endothelial cell_Isocortex,50,0.7813205282112845,0.7939965,0.08,1.0,0.08,0.9,0.0119426751592356,59.73410148620606,66.64997863769531,471.3399353027344,23.26164855957031,4239.334,36.31185
C57BL6J-2.039,spatialprop,endothelial cell_Fiber_tracts,50,0.3769987995198079,0.8488925,0.24,1.0,0.24,0.96,0.0267379679144385,41.27553825378418,57.3741626739502,455.0389282226562,20.785443687438963,916.8245,139.7985
C57BL6J-2.041,spatialprop,glutamatergic neuron_Isocortex,50,0.624969987995198,0.61704206,0.06,1.0,0.06,0.96,0.0156744319815933,52.59111709594727,61.14663543701172,368.008349609375,23.253470993041997,20165.104,38.226917
C57BL6J-2.041,spatialprop,glutamatergic neuron_Fiber_tracts,50,0.5356542617046819,0.574723,0.02,1.0,0.02,0.84,0.2648845686512758,45.98129768371582,57.97875213623047,365.4838836669922,21.91824588775635,2081.4604,31.631851
C57BL6J-2.041,spatialprop,GABAergic neuron_Isocortex,50,0.6677070828331333,0.7944221,0.06,1.0,0.06,0.84,0.0189473684210526,46.93389129638672,58.50131568908692,330.8080627441406,19.35446605682373,2842.9365,34.254166
C57BL6J-2.041,spatialprop,GABAergic neuron_Fiber_tracts,50,0.5821368547418968,0.74669933,0.08,1.0,0.08,0.88,0.9947643979057592,42.078369140625,56.21353149414063,372.1392517089844,19.8524169921875,438.31372,111.86566
C57BL6J-2.041,spatialprop,astrocyte_Isocortex,50,0.7170708283313325,0.7958255,0.06,1.0,0.06,0.96,0.0402864816472694,46.71586570739746,57.17040786743164,463.388134765625,20.966791725158693,3181.6924,21.23727
C57BL6J-2.041,spatialprop,astrocyte_Fiber_tracts,50,0.7316686674669867,0.7581482,0.06,1.0,0.06,0.92,0.0724499523355576,37.85501594543457,47.80976867675781,395.2273498535157,18.9883020401001,2542.1067,33.68732
C57BL6J-2.041,spatialprop,oligodendrocyte_Isocortex,50,0.4250180072028811,0.6407064,0.1,1.0,0.1,0.96,0.156537753222836,54.34084815979004,65.60652313232421,495.8324096679688,19.79821605682373,1310.8074,127.69698
C57BL6J-2.041,spatialprop,oligodendrocyte_Fiber_tracts,50,0.2853781512605041,0.6586841,0.04,1.0,0.04,0.84,0.0506024096385542,55.328076934814455,65.1615821838379,674.7176574707031,27.83236713409424,6247.9424,24.93756
C57BL6J-2.041,spatialprop,endothelial cell_Isocortex,50,0.7948619447779111,0.86628973,0.28,1.0,0.28,0.98,0.0124223602484472,52.26266250610352,60.725229263305664,464.0704040527344,20.29021625518799,2591.7898,66.4802
C57BL6J-2.041,spatialprop,endothelial cell_Fiber_tracts,50,0.4471068427370948,0.86218405,0.16,1.0,0.16,0.94,0.9909365558912386,42.00463066101074,54.04552612304688,477.0645172119141,20.999948692321777,918.4444,193.45802
C57BL6J-2.036,cellina-pert,glutamatergic neuron_Isocortex,50,0.8968547418967586,0.9709281,0.58,1.0,0.58,1.0,0.698823596752654,39.1608528137207,43.27017860412597,354.4868591308594,11.076235485076904,13833.688,8.772708
C57BL6J-2.036,cellina-pert,glutamatergic neuron_Fiber_tracts,50,0.7278271308523409,0.8783529,0.44,1.0,0.44,0.98,0.3344653801598067,39.6288501739502,46.26972541809082,556.7715515136719,14.600628662109376,12152.104,9.38097
C57BL6J-2.036,cellina-pert,oligodendrocyte_Isocortex,50,0.5756062424969988,0.49155658,0.36,0.9444444444444444,0.34,0.76,0.8479476466297895,34.53551559448242,34.602909088134766,227.562255859375,9.500021076202392,6946.2983,97.08037
C57BL6J-2.036,cellina-pert,oligodendrocyte_Fiber_tracts,50,0.4579591836734694,0.6397239,0.32,1.0,0.32,0.9,0.7687032025506203,35.71950340270996,35.901132583618164,237.52384033203128,9.968737602233888,6980.2207,16.561811
C57BL6J-2.036,cellina-pert,astrocyte_Isocortex,50,0.8956062424969988,0.8934029,0.54,1.0,0.54,0.98,0.6555876416705481,35.31956405639649,33.71449966430664,241.51201171875,7.225853061676025,3108.2375,9.437665
C57BL6J-2.036,cellina-pert,astrocyte_Fiber_tracts,50,0.3277310924369748,0.48519534,0.36,0.8888888888888888,0.32,0.7,0.582426317497475,34.010301208496095,34.300317001342776,439.4639770507813,8.213519382476807,3828.8833,119.72378
C57BL6J-2.036,cellina-pert,GABAergic neuron_Isocortex,50,0.9218247298919569,0.96342754,0.6,1.0,0.6,1.0,0.708884857157459,40.85490760803223,45.54994087219238,375.9907958984375,11.00935001373291,1367.6194,6.962635
C57BL6J-2.036,cellina-pert,GABAergic neuron_Fiber_tracts,50,0.9085714285714284,0.9198508,0.7,1.0,0.7,1.0,0.8668478260869564,38.96605033874512,42.5068416595459,471.5336975097656,9.078270053863523,855.5172,10.259954
C57BL6J-2.036,cellina-pert,endothelial cell_Isocortex,50,0.9032893157262905,0.9270384,0.68,1.0,0.68,0.98,0.7925760153269361,33.412315368652344,33.639884567260744,147.82900695800782,9.238080024719238,2784.256,20.53075
C57BL6J-2.036,cellina-pert,endothelial cell_Fiber_tracts,50,0.7335894357743098,0.9933759,0.14,1.0,0.14,0.9,0.7080812958538776,32.10712890625,32.3445613861084,235.0857879638672,8.763311004638672,3925.9287,278.53833
C57BL6J-2.039,cellina-pert,glutamatergic neuron_Isocortex,50,0.7930372148859544,0.9601734,0.48,1.0,0.48,1.0,0.7021144616316148,36.16714248657227,45.031192779541016,508.0380004882812,14.388960933685302,14769.787,13.298135
C57BL6J-2.039,cellina-pert,glutamatergic neuron_Fiber_tracts,50,0.5191356542617046,0.8615509,0.38,1.0,0.38,1.0,0.4302200511218404,36.57222709655762,46.36933097839356,481.88673706054686,12.4884033203125,15629.347,6.5652122
C57BL6J-2.039,cellina-pert,oligodendrocyte_Isocortex,50,0.5755102040816326,0.573367,0.46,1.0,0.46,0.92,0.3633453712738493,24.739806175231934,26.016285705566407,236.14584350585935,7.336495304107666,7428.912,85.45001
C57BL6J-2.039,cellina-pert,oligodendrocyte_Fiber_tracts,50,0.4327010804321728,0.76146436,0.62,1.0,0.62,0.94,0.81920055631094,27.52472438812256,27.696325302124023,118.62798156738282,7.87445821762085,7574.7573,7.5985527
C57BL6J-2.039,cellina-pert,astrocyte_Isocortex,50,0.8670828331332533,0.8885305,0.54,1.0,0.54,0.96,0.4885708007659227,28.03735904693604,28.284400177001952,283.6602935791016,6.982942962646485,3440.6091,8.863474
C57BL6J-2.039,cellina-pert,astrocyte_Fiber_tracts,50,0.8204081632653061,0.80342054,0.64,1.0,0.64,0.98,0.7280866860115547,30.142023468017577,31.034198379516603,338.863916015625,7.229874992370606,4256.8833,13.506291
C57BL6J-2.039,cellina-pert,GABAergic neuron_Isocortex,50,0.8514285714285714,0.91116965,0.38,1.0,0.38,1.0,0.4949737425099815,39.79080696105957,44.37206115722656,304.3249938964844,10.21568479537964,1704.423,7.3845677
C57BL6J-2.039,cellina-pert,GABAergic neuron_Fiber_tracts,50,0.7444417767106842,0.81593287,0.46,1.0,0.46,0.96,0.4335383609819865,40.61012191772461,45.076789474487306,325.99497680664064,8.90432596206665,1637.5454,9.691505
C57BL6J-2.039,cellina-pert,endothelial cell_Isocortex,50,0.8184873949579832,0.8673535,0.6,1.0,0.6,0.96,0.7259867495459545,31.04810161590576,31.63709526062012,147.37964477539063,7.368834018707275,3635.6765,26.962587
C57BL6J-2.039,cellina-pert,endothelial cell_Fiber_tracts,50,0.7799759903961584,0.99262035,0.14,0.8571428571428571,0.12,0.58,0.7299841075532074,32.248464584350586,33.66005744934082,214.6367431640625,8.40856409072876,5111.09,273.46356
C57BL6J-2.041,cellina-pert,glutamatergic neuron_Isocortex,50,0.8307803121248498,0.9541877,0.62,1.0,0.62,0.98,0.4726824330088771,40.80875244140625,44.81847229003906,389.3630065917969,10.37949447631836,12121.846,9.153589
C57BL6J-2.041,cellina-pert,glutamatergic neuron_Fiber_tracts,50,0.7316686674669867,0.88208,0.5,1.0,0.5,1.0,0.5744256301069035,37.779899978637694,42.25228080749512,428.3876525878906,10.325842094421386,12193.678,4.4890532
C57BL6J-2.041,cellina-pert,oligodendrocyte_Isocortex,50,0.306218487394958,0.53906506,0.2,1.0,0.2,0.74,0.9981472852736916,32.61527328491211,31.5190128326416,181.53683471679688,7.616126918792725,5714.385,230.36066
C57BL6J-2.041,cellina-pert,oligodendrocyte_Fiber_tracts,50,0.1471788715486194,0.74290246,0.38,1.0,0.38,0.88,0.9865060240963854,33.35422897338867,32.818485260009766,204.79375,9.20847053527832,5276.9497,17.285513
C57BL6J-2.041,cellina-pert,astrocyte_Isocortex,50,0.8550780312124849,0.8686498,0.6,1.0,0.6,0.98,0.498327472490568,34.80690155029297,34.384389114379886,339.9593811035156,7.223220443725586,2989.396,18.061897
C57BL6J-2.041,cellina-pert,astrocyte_Fiber_tracts,50,0.6255462184873949,0.57714504,0.46,1.0,0.46,0.88,0.7283757294353576,35.51705703735352,36.13122634887695,516.435400390625,8.75282392501831,3372.3562,57.972633
C57BL6J-2.041,cellina-pert,GABAergic neuron_Isocortex,50,0.889171668667467,0.9624754,0.52,1.0,0.52,1.0,0.6346689303904924,39.057346725463866,42.975735092163085,267.0496429443359,7.074167156219483,1115.4602,5.447729
C57BL6J-2.041,cellina-pert,GABAergic neuron_Fiber_tracts,50,0.7082352941176471,0.7447329,0.38,0.8947368421052632,0.34,0.58,0.7535121524312539,40.75625419616699,44.15342750549316,285.0677673339844,6.742624378204345,1274.5892,190.51703
C57BL6J-2.041,cellina-pert,endothelial cell_Isocortex,50,0.896470588235294,0.93220145,0.76,1.0,0.76,0.96,0.889300247835266,35.277388381958005,35.788088989257815,148.22859802246094,8.00820541381836,2932.2632,44.614853
C57BL6J-2.041,cellina-pert,endothelial cell_Fiber_tracts,50,0.5969267707082833,0.99380136,0.12,1.0,0.12,0.9,0.9820678784474832,36.064249420166014,35.98925361633301,221.0170104980469,8.529321193695068,3424.7678,299.53137
C57BL6J-2.036,cellina-gat-pert,glutamatergic neuron_Isocortex,50,0.8821608643457383,0.9749008,0.54,1.0,0.54,0.98,0.8359493444995751,34.6857666015625,42.49783096313477,305.8011779785156,8.674725341796876,12712.566,7.6057673
C57BL6J-2.036,cellina-gat-pert,glutamatergic neuron_Fiber_tracts,50,0.6906602641056422,0.86649364,0.42,1.0,0.42,0.98,0.682812360763191,38.19520530700684,46.62026977539063,555.6622192382813,10.97144651412964,12049.541,6.697791
C57BL6J-2.036,cellina-gat-pert,oligodendrocyte_Isocortex,50,0.6134453781512604,0.5397161,0.44,1.0,0.44,0.8,0.7632076047063228,38.24776229858399,37.2506591796875,293.1665374755859,8.776509189605713,6138.827,94.43801
C57BL6J-2.036,cellina-gat-pert,oligodendrocyte_Fiber_tracts,50,0.5420888355342136,0.6347125,0.38,1.0,0.38,0.94,0.5308368017948051,33.13015518188477,34.296973037719724,316.5352325439453,7.522910213470459,6792.4014,14.23444
C57BL6J-2.036,cellina-gat-pert,astrocyte_Isocortex,50,0.9193277310924368,0.91056305,0.66,1.0,0.66,0.98,0.936593696630958,35.2823600769043,35.12714385986328,208.9333709716797,7.464766979217529,2898.4902,7.50997
C57BL6J-2.036,cellina-gat-pert,astrocyte_Fiber_tracts,50,0.360672268907563,0.5002761,0.42,0.9047619047619048,0.38,0.7,0.7540209516100215,35.52490005493164,37.24705696105957,356.42783203125,5.938801765441895,3465.1626,118.561516
C57BL6J-2.036,cellina-gat-pert,GABAergic neuron_Isocortex,50,0.9301800720288116,0.97636175,0.62,1.0,0.62,1.0,0.6889661164205039,44.587639236450194,49.84344062805176,475.9075103759766,11.18048849105835,1280.1678,4.5530324
C57BL6J-2.036,cellina-gat-pert,GABAergic neuron_Fiber_tracts,50,0.9002160864345738,0.9214341,0.7,1.0,0.7,0.98,0.8668478260869564,42.64572677612305,47.49151458740234,667.2202880859375,9.425650310516357,808.88763,9.482161
C57BL6J-2.036,cellina-gat-pert,endothelial cell_Isocortex,50,0.9125090036014406,0.93707466,0.72,1.0,0.72,0.96,0.7761276363816539,38.09304275512695,39.95424613952637,263.39976806640624,8.539377593994141,2669.7178,18.405136
C57BL6J-2.036,cellina-gat-pert,endothelial cell_Fiber_tracts,50,0.7139015606242496,0.9916114,0.14,1.0,0.14,0.76,0.687481997322896,35.501014709472656,36.7262565612793,338.0548309326172,7.0445657730102536,3933.3032,285.87775
C57BL6J-2.039,cellina-gat-pert,glutamatergic neuron_Isocortex,50,0.8729411764705882,0.9652795,0.5,1.0,0.5,1.0,0.7199223803363518,39.51701469421387,45.51679954528809,387.9117797851562,8.98355541229248,12778.105,6.916938
C57BL6J-2.039,cellina-gat-pert,glutamatergic neuron_Fiber_tracts,50,0.5340216086434574,0.8296299,0.44,1.0,0.44,0.98,0.4464,45.04369468688965,51.913434982299805,589.859814453125,10.264559841156006,15302.601,4.3535447
C57BL6J-2.039,cellina-gat-pert,oligodendrocyte_Isocortex,50,0.5889555822328931,0.5866796,0.58,1.0,0.58,0.84,0.7487208938080819,31.08118000030517,32.27242431640625,312.7529327392578,7.398968029022217,6959.606,85.95261
C57BL6J-2.039,cellina-gat-pert,oligodendrocyte_Fiber_tracts,50,0.4043697478991596,0.74309754,0.52,1.0,0.52,0.94,0.9777040430404144,30.81824321746826,31.887640380859374,172.13633422851564,6.756850147247315,7654.748,8.480176
C57BL6J-2.039,cellina-gat-pert,astrocyte_Isocortex,50,0.8881152460984393,0.9101683,0.7,1.0,0.7,0.98,0.977901246193929,33.166542053222656,33.45167427062988,226.9749755859375,6.821753597259521,3878.0198,6.713497
C57BL6J-2.039,cellina-gat-pert,astrocyte_Fiber_tracts,50,0.8415366146458583,0.8121661,0.64,1.0,0.64,0.94,0.8194808250333306,33.25184936523438,35.09509468078613,331.4458465576172,6.163569355010987,4358.477,13.602661
C57BL6J-2.039,cellina-gat-pert,GABAergic neuron_Isocortex,50,0.8448979591836735,0.9373805,0.36,1.0,0.36,1.0,0.7377521613832854,41.10932655334473,48.31939964294433,361.6885284423828,9.008591365814208,1531.7098,5.4178615
C57BL6J-2.039,cellina-gat-pert,GABAergic neuron_Fiber_tracts,50,0.7115966386554621,0.7896564,0.36,1.0,0.36,0.92,0.8150800193158482,38.26787185668945,45.5571834564209,479.2090118408203,8.232114791870117,1678.1407,10.897203
C57BL6J-2.039,cellina-gat-pert,endothelial cell_Isocortex,50,0.8479711884753901,0.8807368,0.66,1.0,0.66,0.96,0.7527466554114547,33.49729270935059,34.84407386779785,212.82010803222656,7.254768657684326,3377.946,24.255014
C57BL6J-2.039,cellina-gat-pert,endothelial cell_Fiber_tracts,50,0.7166866746698679,0.98910415,0.14,0.8571428571428571,0.12,0.56,0.5927828962910466,31.456699562072757,33.52668800354004,348.764501953125,7.064620971679688,5079.4097,269.2768
C57BL6J-2.041,cellina-gat-pert,glutamatergic neuron_Isocortex,50,0.8267466986794717,0.95322394,0.58,1.0,0.58,0.98,0.4454989933851021,42.29382553100586,48.42539596557617,360.26105346679685,9.168400382995603,11738.087,8.143569
C57BL6J-2.041,cellina-gat-pert,glutamatergic neuron_Fiber_tracts,50,0.7710444177671067,0.9201283,0.54,1.0,0.54,1.0,0.5631502393182083,42.98933143615723,50.293251037597656,455.4149536132812,9.780251789093018,12192.793,2.3905587
C57BL6J-2.041,cellina-gat-pert,astrocyte_Isocortex,50,0.836734693877551,0.87919974,0.66,1.0,0.66,0.98,0.4908216462619784,40.68404884338379,39.4276123046875,384.3368438720703,8.906385326385498,3066.116,15.601999
C57BL6J-2.041,cellina-gat-pert,astrocyte_Fiber_tracts,50,0.6476350540216086,0.57491916,0.56,1.0,0.56,0.88,0.8125559339642795,34.60590858459473,35.89841423034668,363.9643798828125,6.103027534484864,3270.919,57.831043
C57BL6J-2.041,cellina-gat-pert,GABAergic neuron_Isocortex,50,0.8818727490996399,0.9785558,0.62,1.0,0.62,1.0,0.748133971291866,41.0980884552002,45.59233436584473,367.0212768554687,9.882937717437745,971.1677,3.0571718
C57BL6J-2.041,cellina-gat-pert,GABAergic neuron_Fiber_tracts,50,0.7446338535414165,0.74482095,0.38,0.8421052631578947,0.32,0.58,0.9395525940028556,41.638644790649415,47.58941268920898,406.76500244140624,9.213950729370117,1335.1888,196.4118
C57BL6J-2.041,cellina-gat-pert,endothelial cell_Isocortex,50,0.896470588235294,0.93661904,0.78,1.0,0.78,0.96,0.818131750451305,39.58927650451661,41.0237533569336,266.5601470947266,8.087722396850586,2587.5645,42.483643
C57BL6J-2.041,cellina-gat-pert,endothelial cell_Fiber_tracts,50,0.6074909963985594,0.9912439,0.12,1.0,0.12,0.86,0.996978851963746,40.969313049316405,42.1263614654541,410.15838317871095,8.63990659713745,3397.247,302.72134
C57BL6J-2.036,spatialprop-pert,glutamatergic neuron_Isocortex,50,0.6887394957983193,0.76854664,0.0,0.0,0.0,0.92,0.0088270858524788,52.938126754760745,61.86633186340332,453.4399688720703,28.61126594543457,22720.715,17.535168
C57BL6J-2.036,spatialprop-pert,glutamatergic neuron_Fiber_tracts,50,0.4825450180072028,0.42671245,0.0,0.0,0.0,0.78,0.1903719912472647,47.477566146850585,59.35307006835937,388.8696350097656,23.891892433166504,1241.1848,27.180096
C57BL6J-2.036,spatialprop-pert,GABAergic neuron_Isocortex,50,0.714398905341699,0.77677494,0.02,1.0,0.02,0.8,0.9991311902693312,46.32581062316895,57.623118209838864,322.06243286132815,20.26721630096436,2909.0098,76.79959
C57BL6J-2.036,spatialprop-pert,GABAergic neuron_Fiber_tracts,50,0.7127490996398559,0.769513,0.08,1.0,0.08,0.82,0.6168478260869565,40.0908088684082,52.49477272033691,346.16148376464844,19.23975696563721,912.63,60.84896
C57BL6J-2.036,spatialprop-pert,astrocyte_Isocortex,50,0.7285954381752701,0.7807325,0.08,1.0,0.08,0.88,0.0231578947368421,51.40337371826172,60.78090476989746,500.1470123291016,22.43316516876221,4102.071,24.040953
C57BL6J-2.036,spatialprop-pert,astrocyte_Fiber_tracts,50,0.6181512605042015,0.65661216,0.08,1.0,0.08,0.88,0.0247218788627935,38.70685195922852,48.333687973022464,386.0023010253906,18.23169708251953,1880.5596,64.02519
C57BL6J-2.036,spatialprop-pert,oligodendrocyte_Isocortex,50,0.7299399759903961,0.60155886,0.1,0.8,0.08,0.9,0.9986824769433466,56.851644897460936,65.55396194458008,559.3546569824218,22.837235260009766,2428.4702,65.841835
C57BL6J-2.036,spatialprop-pert,oligodendrocyte_Fiber_tracts,50,0.037406962785114,0.20382556,0.0,0.0,0.0,0.7,0.033786265148733,59.75371856689453,68.69928741455078,704.8592041015625,29.59479312896729,9618.308,31.284536
C57BL6J-2.036,spatialprop-pert,endothelial cell_Isocortex,50,0.8724609843937575,0.854649,0.12,1.0,0.12,0.96,0.0182965299684542,50.84289894104004,60.848561477661136,475.1965270996094,21.955530738830568,4225.7715,44.098232
C57BL6J-2.036,spatialprop-pert,endothelial cell_Fiber_tracts,50,0.3452100840336134,0.84227246,0.14,1.0,0.14,0.94,0.9967637540453076,44.46243324279785,53.566781234741214,514.1029449462891,22.57979965209961,708.7214,147.02739
C57BL6J-2.039,spatialprop-pert,glutamatergic neuron_Isocortex,50,0.6824009603841537,0.6770058,0.0,0.0,0.0,0.92,0.007503234152652,52.79809112548829,61.8013858795166,332.72618408203124,24.2224328994751,23898.59,15.010177
C57BL6J-2.039,spatialprop-pert,glutamatergic neuron_Fiber_tracts,50,0.5469867947178871,0.61630875,0.0,0.0,0.0,0.86,0.8912,47.07540321350098,59.50080375671386,343.2716766357422,22.271806144714358,1667.1738,27.699736
C57BL6J-2.039,spatialprop-pert,GABAergic neuron_Isocortex,50,0.4690036014405762,0.62942004,0.1,0.8,0.08,0.82,0.0115273775216138,48.04599533081055,59.34384536743164,316.5748016357422,21.733059120178225,3046.9353,37.94573
C57BL6J-2.039,spatialprop-pert,GABAergic neuron_Fiber_tracts,50,0.4621848739495798,0.65641737,0.02,1.0,0.02,0.68,0.9977220956719818,40.97478256225586,54.59475593566894,354.459033203125,21.53505039215088,1157.7732,33.940926
C57BL6J-2.039,spatialprop-pert,astrocyte_Isocortex,50,0.7113085234093637,0.6125725,0.04,1.0,0.04,0.86,0.0285714285714285,54.11226501464844,62.47304267883301,470.4863739013672,23.751880264282228,3874.9175,27.83292
C57BL6J-2.039,spatialprop-pert,astrocyte_Fiber_tracts,50,0.6339975990396158,0.6455557,0.06,1.0,0.06,0.86,0.0632368703108253,39.49910316467285,49.82678413391113,352.3540771484375,16.863723945617675,2557.4944,25.70317
C57BL6J-2.039,spatialprop-pert,oligodendrocyte_Isocortex,50,0.8415366146458583,0.83301324,0.08,1.0,0.08,0.98,0.998407643312102,61.62899322509766,68.98334426879883,531.3125793457032,24.869027137756348,1957.7893,41.597843
C57BL6J-2.039,spatialprop-pert,oligodendrocyte_Fiber_tracts,50,0.4402881152460983,0.43699792,0.0,0.0,0.0,0.9,0.0370672097759674,60.80150566101074,69.48880538940429,658.5525207519531,29.45436763763428,8314.535,15.769293
C57BL6J-2.039,spatialprop-pert,endothelial cell_Isocortex,50,0.7813205282112845,0.7939965,0.08,1.0,0.08,0.9,0.0119426751592356,60.71703262329102,66.47991104125977,466.28859252929686,22.764208030700683,4239.334,36.31185
C57BL6J-2.039,spatialprop-pert,endothelial cell_Fiber_tracts,50,0.3769987995198079,0.8488925,0.24,1.0,0.24,0.96,0.0267379679144385,41.46501541137695,57.28167724609375,450.1541534423829,20.57959079742432,916.8245,139.7985
C57BL6J-2.041,spatialprop-pert,glutamatergic neuron_Isocortex,50,0.624969987995198,0.6170421,0.06,1.0,0.06,0.96,0.0156744319815933,52.74535331726074,60.5510684967041,364.36792907714846,23.117848014831544,20165.104,38.226917
C57BL6J-2.041,spatialprop-pert,glutamatergic neuron_Fiber_tracts,50,0.5356542617046819,0.574723,0.02,1.0,0.02,0.84,0.2648845686512758,46.13453979492188,57.71333999633789,364.5556365966797,21.94657955169678,2081.4604,31.631851
C57BL6J-2.041,spatialprop-pert,GABAergic neuron_Isocortex,50,0.6677070828331333,0.7944221,0.06,1.0,0.06,0.84,0.0189473684210526,46.62256622314453,58.45440673828125,328.87327270507814,19.245390129089355,2842.9365,34.25417
C57BL6J-2.041,spatialprop-pert,GABAergic neuron_Fiber_tracts,50,0.5821368547418968,0.74669933,0.08,1.0,0.08,0.88,0.9947643979057592,42.078369140625,56.21353149414063,372.13916015625,19.8524112701416,438.31372,111.86566
C57BL6J-2.041,spatialprop-pert,astrocyte_Isocortex,50,0.7170708283313325,0.7958255,0.06,1.0,0.06,0.96,0.0402864816472694,46.60161781311035,57.53765449523926,463.57978515625,21.147186470031738,3181.6924,21.23727
C57BL6J-2.041,spatialprop-pert,astrocyte_Fiber_tracts,50,0.7316686674669867,0.7581482,0.06,1.0,0.06,0.92,0.0724499523355576,37.82118988037109,47.65031051635742,400.92571411132815,18.971760177612303,2542.1067,33.68732
C57BL6J-2.041,spatialprop-pert,oligodendrocyte_Isocortex,50,0.4250180072028811,0.6407064,0.1,1.0,0.1,0.96,0.156537753222836,54.76621627807617,65.32254638671876,480.7605804443359,19.79196281433105,1310.8074,127.69698
C57BL6J-2.041,spatialprop-pert,oligodendrocyte_Fiber_tracts,50,0.2853781512605041,0.6586841,0.04,1.0,0.04,0.84,0.0506024096385542,55.3812557220459,64.79412231445312,693.4773376464843,27.650201034545898,6247.9424,24.937553
C57BL6J-2.041,spatialprop-pert,endothelial cell_Isocortex,50,0.7948619447779111,0.86628973,0.28,1.0,0.28,0.98,0.0124223602484472,51.881827163696286,60.78140144348144,467.36273803710935,20.08540802001953,2591.7898,66.4802
C57BL6J-2.041,spatialprop-pert,endothelial cell_Fiber_tracts,50,0.4471068427370948,0.86218405,0.16,1.0,0.16,0.94,0.9909365558912386,42.38957557678223,54.43056640625,477.6829437255859,21.010009384155275,918.4444,193.45802
