arm,sid,ct,dom,pearson,direction_match_k,edistance_pca_log,rmse_lfc
h1-b256,crc_120,Endothelial,CRC,0.9837,0.4800,6.1518,0.6415
h1-b256,crc_120,Epithelial,CRC,0.5936,0.1000,13.8752,2.9125
h1-b256,crc_120,Fibroblast,CRC,0.5939,0.1200,7.7104,1.1171
h1-b256,crc_120,Myeloid,CRC,0.8152,0.2600,6.3770,0.5939
h1-b256,crc_120,T_cell,CRC,0.9394,0.5200,6.6677,0.3899
h1-b256,crc_210,Endothelial,CRC,0.9915,0.6600,10.2091,1.1246
h1-b256,crc_210,Epithelial,CRC,0.8801,0.4800,9.7283,1.8609
h1-b256,crc_210,Fibroblast,CRC,0.9614,0.5000,8.7965,0.9774
h1-b256,crc_210,Myeloid,CRC,0.9419,0.5000,10.2095,0.9045
h1-b256,crc_210,T_cell,CRC,0.9701,0.5200,11.1700,0.5906
h1-b256,crc_221,Endothelial,CRC,0.6835,0.9000,8.6328,0.3923
h1-b256,crc_221,Epithelial,CRC,0.9137,0.2800,10.3798,1.5988
h1-b256,crc_221,Fibroblast,CRC,0.9043,0.2800,9.0347,1.2656
h1-b256,crc_221,Myeloid,CRC,0.7148,0.7600,7.9572,0.3852
h1-b256,crc_221,T_cell,CRC,0.9725,0.6800,10.8241,0.4978
h1-b256,crc_231,Endothelial,CRC,0.9653,0.5800,10.1387,1.2051
h1-b256,crc_231,Epithelial,CRC,0.5643,0.2000,8.2113,2.1728
h1-b256,crc_231,Fibroblast,CRC,0.6270,0.2600,6.6486,0.9670
h1-b256,crc_231,Myeloid,CRC,0.7763,0.1600,9.2083,1.1619
h1-b256,crc_231,T_cell,CRC,0.7709,0.3200,7.2470,0.9862
h1-b256,crc_232,Endothelial,CRC,0.8988,0.4400,9.7269,0.8801
h1-b256,crc_232,Epithelial,CRC,0.5960,0.1400,10.1388,2.1955
h1-b256,crc_232,Fibroblast,CRC,0.5265,0.0600,9.7736,1.8468
h1-b256,crc_232,Myeloid,CRC,0.9301,0.4600,9.4320,1.0008
h1-b256,crc_232,T_cell,CRC,0.9429,0.3200,6.9087,1.0888
h1-b256,crc_242,Endothelial,CRC,0.8851,0.2600,8.7091,1.5001
h1-b256,crc_242,Epithelial,CRC,0.7289,0.1000,14.2310,3.2706
h1-b256,crc_242,Fibroblast,CRC,0.9436,0.3200,10.1555,0.9176
h1-b256,crc_242,Myeloid,CRC,0.8942,0.5000,8.2131,1.0195
h1-b256,crc_242,T_cell,CRC,0.8791,0.3800,9.3783,0.7121
h1k20-b256,crc_120,Endothelial,CRC,0.9719,0.3600,7.0161,0.7603
h1k20-b256,crc_120,Epithelial,CRC,0.9520,0.3400,10.8182,2.3890
h1k20-b256,crc_120,Fibroblast,CRC,0.5368,0.1600,8.0481,1.1552
h1k20-b256,crc_120,Myeloid,CRC,0.8536,0.2400,6.2271,0.6191
h1k20-b256,crc_120,T_cell,CRC,0.9350,0.4600,6.2203,0.4671
h1k20-b256,crc_210,Endothelial,CRC,0.9945,0.6000,9.6489,0.9243
h1k20-b256,crc_210,Epithelial,CRC,0.8703,0.6600,8.0327,1.8697
h1k20-b256,crc_210,Fibroblast,CRC,0.9394,0.3800,7.9031,1.2582
h1k20-b256,crc_210,Myeloid,CRC,0.7348,0.2000,9.0491,1.8147
h1k20-b256,crc_210,T_cell,CRC,0.9644,0.6000,11.9095,0.5698
h1k20-b256,crc_221,Endothelial,CRC,0.7059,0.9000,7.7371,0.3958
h1k20-b256,crc_221,Epithelial,CRC,0.9044,0.3000,11.7905,1.5514
h1k20-b256,crc_221,Fibroblast,CRC,0.8897,0.3400,9.8462,1.2738
h1k20-b256,crc_221,Myeloid,CRC,0.7022,0.7800,9.1729,0.3524
h1k20-b256,crc_221,T_cell,CRC,0.9569,0.6400,8.5590,0.7025
h1k20-b256,crc_231,Endothelial,CRC,0.9615,0.5000,9.4904,1.2307
h1k20-b256,crc_231,Epithelial,CRC,0.6829,0.3600,8.7245,2.1802
h1k20-b256,crc_231,Fibroblast,CRC,0.5823,0.1600,7.6107,0.9558
h1k20-b256,crc_231,Myeloid,CRC,0.7983,0.2000,9.0133,1.1222
h1k20-b256,crc_231,T_cell,CRC,0.7607,0.3600,7.6317,0.9760
h1k20-b256,crc_232,Endothelial,CRC,0.8602,0.2800,9.4194,0.9875
h1k20-b256,crc_232,Epithelial,CRC,0.7247,0.0400,10.3851,2.0798
h1k20-b256,crc_232,Fibroblast,CRC,0.6554,0.0800,8.9496,1.7897
h1k20-b256,crc_232,Myeloid,CRC,0.9049,0.3600,8.6634,1.1320
h1k20-b256,crc_232,T_cell,CRC,0.9475,0.3000,8.5012,1.0623
h1k20-b256,crc_242,Endothelial,CRC,0.9063,0.4200,9.8782,1.1390
h1k20-b256,crc_242,Epithelial,CRC,0.8253,0.2000,13.9521,2.9570
h1k20-b256,crc_242,Fibroblast,CRC,0.9451,0.4200,8.9695,0.8960
h1k20-b256,crc_242,Myeloid,CRC,0.9419,0.5600,8.2137,0.8781
h1k20-b256,crc_242,T_cell,CRC,0.9117,0.4000,8.8309,0.6406
